estacion1,estacion2
E_00_00,E_00_01
E_00_00,E_00_02
E_00_00,E_01_00
E_00_00,E_01_01
E_00_00,E_02_00
E_00_01,E_00_02
E_00_01,E_00_03
E_00_01,E_01_01
E_00_01,E_02_01
E_00_02,E_00_03
E_00_02,E_00_04
E_00_02,E_01_02
E_00_02,E_02_02
E_00_03,E_00_04
E_00_03,E_00_05
E_00_03,E_01_03
E_00_03,E_01_04
E_00_03,E_02_03
E_00_04,E_00_05
E_00_04,E_00_06
E_00_04,E_01_04
E_00_04,E_02_04
E_00_05,E_00_06
E_00_05,E_00_07
E_00_05,E_01_05
E_00_05,E_02_05
E_00_06,E_00_07
E_00_06,E_00_08
E_00_06,E_01_06
E_00_06,E_01_07
E_00_06,E_02_06
E_00_07,E_00_08
E_00_07,E_00_09
E_00_07,E_01_07
E_00_07,E_02_07
E_00_08,E_00_09
E_00_08,E_00_10
E_00_08,E_01_08
E_00_08,E_02_08
E_00_09,E_00_10
E_00_09,E_00_11
E_00_09,E_01_09
E_00_09,E_01_10
E_00_09,E_02_09
E_00_10,E_00_11
E_00_10,E_00_12
E_00_10,E_01_10
E_00_10,E_02_10
E_00_11,E_00_12
E_00_11,E_00_13
E_00_11,E_01_11
E_00_11,E_02_11
E_00_12,E_00_13
E_00_12,E_00_14
E_00_12,E_01_12
E_00_12,E_01_13
E_00_12,E_02_12
E_00_13,E_00_14
E_00_13,E_00_15
E_00_13,E_01_13
E_00_13,E_02_13
E_00_14,E_00_15
E_00_14,E_00_16
E_00_14,E_01_14
E_00_14,E_02_14
E_00_15,E_00_16
E_00_15,E_00_17
E_00_15,E_01_15
E_00_15,E_01_16
E_00_15,E_02_15
E_00_16,E_00_17
E_00_16,E_00_18
E_00_16,E_01_16
E_00_16,E_02_16
E_00_17,E_00_18
E_00_17,E_00_19
E_00_17,E_01_17
E_00_17,E_02_17
E_00_18,E_00_19
E_00_18,E_00_20
E_00_18,E_01_18
E_00_18,E_01_19
E_00_18,E_02_18
E_00_19,E_00_20
E_00_19,E_00_21
E_00_19,E_01_19
E_00_19,E_02_19
E_00_20,E_00_21
E_00_20,E_00_22
E_00_20,E_01_20
E_00_20,E_02_20
E_00_21,E_00_22
E_00_21,E_00_23
E_00_21,E_01_21
E_00_21,E_01_22
E_00_21,E_02_21
E_00_22,E_00_23
E_00_22,E_00_24
E_00_22,E_01_22
E_00_22,E_02_22
E_00_23,E_00_24
E_00_23,E_00_25
E_00_23,E_01_23
E_00_23,E_02_23
E_00_24,E_00_25
E_00_24,E_00_26
E_00_24,E_01_24
E_00_24,E_01_25
E_00_24,E_02_24
E_00_25,E_00_26
E_00_25,E_00_27
E_00_25,E_01_25
E_00_25,E_02_25
E_00_26,E_00_27
E_00_26,E_00_28
E_00_26,E_01_26
E_00_26,E_02_26
E_00_27,E_00_28
E_00_27,E_00_29
E_00_27,E_01_27
E_00_27,E_01_28
E_00_27,E_02_27
E_00_28,E_00_29
E_00_28,E_00_30
E_00_28,E_01_28
E_00_28,E_02_28
E_00_29,E_00_30
E_00_29,E_00_31
E_00_29,E_01_29
E_00_29,E_02_29
E_00_30,E_00_31
E_00_30,E_00_32
E_00_30,E_01_30
E_00_30,E_01_31
E_00_30,E_02_30
E_00_31,E_00_32
E_00_31,E_00_33
E_00_31,E_01_31
E_00_31,E_02_31
E_00_32,E_00_33
E_00_32,E_00_34
E_00_32,E_01_32
E_00_32,E_02_32
E_00_33,E_00_34
E_00_33,E_00_35
E_00_33,E_01_33
E_00_33,E_01_34
E_00_33,E_02_33
E_00_34,E_00_35
E_00_34,E_00_36
E_00_34,E_01_34
E_00_34,E_02_34
E_00_35,E_00_36
E_00_35,E_00_37
E_00_35,E_01_35
E_00_35,E_02_35
E_00_36,E_00_37
E_00_36,E_00_38
E_00_36,E_01_36
E_00_36,E_01_37
E_00_36,E_02_36
E_00_37,E_00_38
E_00_37,E_00_39
E_00_37,E_01_37
E_00_37,E_02_37
E_00_38,E_00_39
E_00_38,E_00_40
E_00_38,E_01_38
E_00_38,E_02_38
E_00_39,E_00_40
E_00_39,E_00_41
E_00_39,E_01_39
E_00_39,E_01_40
E_00_39,E_02_39
E_00_40,E_00_41
E_00_40,E_00_42
E_00_40,E_01_40
E_00_40,E_02_40
E_00_41,E_00_42
E_00_41,E_00_43
E_00_41,E_01_41
E_00_41,E_02_41
E_00_42,E_00_43
E_00_42,E_00_44
E_00_42,E_01_42
E_00_42,E_01_43
E_00_42,E_02_42
E_00_43,E_00_44
E_00_43,E_00_45
E_00_43,E_01_43
E_00_43,E_02_43
E_00_44,E_00_45
E_00_44,E_00_46
E_00_44,E_01_44
E_00_44,E_02_44
E_00_45,E_00_46
E_00_45,E_00_47
E_00_45,E_01_45
E_00_45,E_01_46
E_00_45,E_02_45
E_00_46,E_00_47
E_00_46,E_00_48
E_00_46,E_01_46
E_00_46,E_02_46
E_00_47,E_00_48
E_00_47,E_00_49
E_00_47,E_01_47
E_00_47,E_02_47
E_00_48,E_00_49
E_00_48,E_01_48
E_00_48,E_01_49
E_00_48,E_02_48
E_00_49,E_01_49
E_00_49,E_02_49
E_01_00,E_01_01
E_01_00,E_01_02
E_01_00,E_02_00
E_01_00,E_03_00
E_01_01,E_01_02
E_01_01,E_01_03
E_01_01,E_02_01
E_01_01,E_03_01
E_01_02,E_01_03
E_01_02,E_01_04
E_01_02,E_02_02
E_01_02,E_03_02
E_01_03,E_01_04
E_01_03,E_01_05
E_01_03,E_02_03
E_01_03,E_03_03
E_01_04,E_01_05
E_01_04,E_01_06
E_01_04,E_02_04
E_01_04,E_03_04
E_01_05,E_01_06
E_01_05,E_01_07
E_01_05,E_02_05
E_01_05,E_03_05
E_01_06,E_01_07
E_01_06,E_01_08
E_01_06,E_02_06
E_01_06,E_03_06
E_01_07,E_01_08
E_01_07,E_01_09
E_01_07,E_02_07
E_01_07,E_03_07
E_01_08,E_01_09
E_01_08,E_01_10
E_01_08,E_02_08
E_01_08,E_03_08
E_01_09,E_01_10
E_01_09,E_01_11
E_01_09,E_02_09
E_01_09,E_03_09
E_01_10,E_01_11
E_01_10,E_01_12
E_01_10,E_02_10
E_01_10,E_03_10
E_01_11,E_01_12
E_01_11,E_01_13
E_01_11,E_02_11
E_01_11,E_03_11
E_01_12,E_01_13
E_01_12,E_01_14
E_01_12,E_02_12
E_01_12,E_03_12
E_01_13,E_01_14
E_01_13,E_01_15
E_01_13,E_02_13
E_01_13,E_03_13
E_01_14,E_01_15
E_01_14,E_01_16
E_01_14,E_02_14
E_01_14,E_03_14
E_01_15,E_01_16
E_01_15,E_01_17
E_01_15,E_02_15
E_01_15,E_03_15
E_01_16,E_01_17
E_01_16,E_01_18
E_01_16,E_02_16
E_01_16,E_03_16
E_01_17,E_01_18
E_01_17,E_01_19
E_01_17,E_02_17
E_01_17,E_03_17
E_01_18,E_01_19
E_01_18,E_01_20
E_01_18,E_02_18
E_01_18,E_03_18
E_01_19,E_01_20
E_01_19,E_01_21
E_01_19,E_02_19
E_01_19,E_03_19
E_01_20,E_01_21
E_01_20,E_01_22
E_01_20,E_02_20
E_01_20,E_03_20
E_01_21,E_01_22
E_01_21,E_01_23
E_01_21,E_02_21
E_01_21,E_03_21
E_01_22,E_01_23
E_01_22,E_01_24
E_01_22,E_02_22
E_01_22,E_03_22
E_01_23,E_01_24
E_01_23,E_01_25
E_01_23,E_02_23
E_01_23,E_03_23
E_01_24,E_01_25
E_01_24,E_01_26
E_01_24,E_02_24
E_01_24,E_03_24
E_01_25,E_01_26
E_01_25,E_01_27
E_01_25,E_02_25
E_01_25,E_03_25
E_01_26,E_01_27
E_01_26,E_01_28
E_01_26,E_02_26
E_01_26,E_03_26
E_01_27,E_01_28
E_01_27,E_01_29
E_01_27,E_02_27
E_01_27,E_03_27
E_01_28,E_01_29
E_01_28,E_01_30
E_01_28,E_02_28
E_01_28,E_03_28
E_01_29,E_01_30
E_01_29,E_01_31
E_01_29,E_02_29
E_01_29,E_03_29
E_01_30,E_01_31
E_01_30,E_01_32
E_01_30,E_02_30
E_01_30,E_03_30
E_01_31,E_01_32
E_01_31,E_01_33
E_01_31,E_02_31
E_01_31,E_03_31
E_01_32,E_01_33
E_01_32,E_01_34
E_01_32,E_02_32
E_01_32,E_03_32
E_01_33,E_01_34
E_01_33,E_01_35
E_01_33,E_02_33
E_01_33,E_03_33
E_01_34,E_01_35
E_01_34,E_01_36
E_01_34,E_02_34
E_01_34,E_03_34
E_01_35,E_01_36
E_01_35,E_01_37
E_01_35,E_02_35
E_01_35,E_03_35
E_01_36,E_01_37
E_01_36,E_01_38
E_01_36,E_02_36
E_01_36,E_03_36
E_01_37,E_01_38
E_01_37,E_01_39
E_01_37,E_02_37
E_01_37,E_03_37
E_01_38,E_01_39
E_01_38,E_01_40
E_01_38,E_02_38
E_01_38,E_03_38
E_01_39,E_01_40
E_01_39,E_01_41
E_01_39,E_02_39
E_01_39,E_03_39
E_01_40,E_01_41
E_01_40,E_01_42
E_01_40,E_02_40
E_01_40,E_03_40
E_01_41,E_01_42
E_01_41,E_01_43
E_01_41,E_02_41
E_01_41,E_03_41
E_01_42,E_01_43
E_01_42,E_01_44
E_01_42,E_02_42
E_01_42,E_03_42
E_01_43,E_01_44
E_01_43,E_01_45
E_01_43,E_02_43
E_01_43,E_03_43
E_01_44,E_01_45
E_01_44,E_01_46
E_01_44,E_02_44
E_01_44,E_03_44
E_01_45,E_01_46
E_01_45,E_01_47
E_01_45,E_02_45
E_01_45,E_03_45
E_01_46,E_01_47
E_01_46,E_01_48
E_01_46,E_02_46
E_01_46,E_03_46
E_01_47,E_01_48
E_01_47,E_01_49
E_01_47,E_02_47
E_01_47,E_03_47
E_01_48,E_01_49
E_01_48,E_02_48
E_01_48,E_03_48
E_01_49,E_02_49
E_01_49,E_03_49
E_02_00,E_02_01
E_02_00,E_02_02
E_02_00,E_03_00
E_02_00,E_04_00
E_02_01,E_02_02
E_02_01,E_02_03
E_02_01,E_03_01
E_02_01,E_04_01
E_02_02,E_02_03
E_02_02,E_02_04
E_02_02,E_03_02
E_02_02,E_04_02
E_02_03,E_02_04
E_02_03,E_02_05
E_02_03,E_03_03
E_02_03,E_04_03
E_02_04,E_02_05
E_02_04,E_02_06
E_02_04,E_03_04
E_02_04,E_04_04
E_02_05,E_02_06
E_02_05,E_02_07
E_02_05,E_03_05
E_02_05,E_04_05
E_02_06,E_02_07
E_02_06,E_02_08
E_02_06,E_03_06
E_02_06,E_04_06
E_02_07,E_02_08
E_02_07,E_02_09
E_02_07,E_03_07
E_02_07,E_04_07
E_02_08,E_02_09
E_02_08,E_02_10
E_02_08,E_03_08
E_02_08,E_04_08
E_02_09,E_02_10
E_02_09,E_02_11
E_02_09,E_03_09
E_02_09,E_04_09
E_02_10,E_02_11
E_02_10,E_02_12
E_02_10,E_03_10
E_02_10,E_04_10
E_02_11,E_02_12
E_02_11,E_02_13
E_02_11,E_03_11
E_02_11,E_04_11
E_02_12,E_02_13
E_02_12,E_02_14
E_02_12,E_03_12
E_02_12,E_04_12
E_02_13,E_02_14
E_02_13,E_02_15
E_02_13,E_03_13
E_02_13,E_04_13
E_02_14,E_02_15
E_02_14,E_02_16
E_02_14,E_03_14
E_02_14,E_04_14
E_02_15,E_02_16
E_02_15,E_02_17
E_02_15,E_03_15
E_02_15,E_04_15
E_02_16,E_02_17
E_02_16,E_02_18
E_02_16,E_03_16
E_02_16,E_04_16
E_02_17,E_02_18
E_02_17,E_02_19
E_02_17,E_03_17
E_02_17,E_04_17
E_02_18,E_02_19
E_02_18,E_02_20
E_02_18,E_03_18
E_02_18,E_04_18
E_02_19,E_02_20
E_02_19,E_02_21
E_02_19,E_03_19
E_02_19,E_04_19
E_02_20,E_02_21
E_02_20,E_02_22
E_02_20,E_03_20
E_02_20,E_04_20
E_02_21,E_02_22
E_02_21,E_02_23
E_02_21,E_03_21
E_02_21,E_04_21
E_02_22,E_02_23
E_02_22,E_02_24
E_02_22,E_03_22
E_02_22,E_04_22
E_02_23,E_02_24
E_02_23,E_02_25
E_02_23,E_03_23
E_02_23,E_04_23
E_02_24,E_02_25
E_02_24,E_02_26
E_02_24,E_03_24
E_02_24,E_04_24
E_02_25,E_02_26
E_02_25,E_02_27
E_02_25,E_03_25
E_02_25,E_04_25
E_02_26,E_02_27
E_02_26,E_02_28
E_02_26,E_03_26
E_02_26,E_04_26
E_02_27,E_02_28
E_02_27,E_02_29
E_02_27,E_03_27
E_02_27,E_04_27
E_02_28,E_02_29
E_02_28,E_02_30
E_02_28,E_03_28
E_02_28,E_04_28
E_02_29,E_02_30
E_02_29,E_02_31
E_02_29,E_03_29
E_02_29,E_04_29
E_02_30,E_02_31
E_02_30,E_02_32
E_02_30,E_03_30
E_02_30,E_04_30
E_02_31,E_02_32
E_02_31,E_02_33
E_02_31,E_03_31
E_02_31,E_04_31
E_02_32,E_02_33
E_02_32,E_02_34
E_02_32,E_03_32
E_02_32,E_04_32
E_02_33,E_02_34
E_02_33,E_02_35
E_02_33,E_03_33
E_02_33,E_04_33
E_02_34,E_02_35
E_02_34,E_02_36
E_02_34,E_03_34
E_02_34,E_04_34
E_02_35,E_02_36
E_02_35,E_02_37
E_02_35,E_03_35
E_02_35,E_04_35
E_02_36,E_02_37
E_02_36,E_02_38
E_02_36,E_03_36
E_02_36,E_04_36
E_02_37,E_02_38
E_02_37,E_02_39
E_02_37,E_03_37
E_02_37,E_04_37
E_02_38,E_02_39
E_02_38,E_02_40
E_02_38,E_03_38
E_02_38,E_04_38
E_02_39,E_02_40
E_02_39,E_02_41
E_02_39,E_03_39
E_02_39,E_04_39
E_02_40,E_02_41
E_02_40,E_02_42
E_02_40,E_03_40
E_02_40,E_04_40
E_02_41,E_02_42
E_02_41,E_02_43
E_02_41,E_03_41
E_02_41,E_04_41
E_02_42,E_02_43
E_02_42,E_02_44
E_02_42,E_03_42
E_02_42,E_04_42
E_02_43,E_02_44
E_02_43,E_02_45
E_02_43,E_03_43
E_02_43,E_04_43
E_02_44,E_02_45
E_02_44,E_02_46
E_02_44,E_03_44
E_02_44,E_04_44
E_02_45,E_02_46
E_02_45,E_02_47
E_02_45,E_03_45
E_02_45,E_04_45
E_02_46,E_02_47
E_02_46,E_02_48
E_02_46,E_03_46
E_02_46,E_04_46
E_02_47,E_02_48
E_02_47,E_02_49
E_02_47,E_03_47
E_02_47,E_04_47
E_02_48,E_02_49
E_02_48,E_03_48
E_02_48,E_04_48
E_02_49,E_03_49
E_02_49,E_04_49
E_03_00,E_03_01
E_03_00,E_03_02
E_03_00,E_04_00
E_03_00,E_04_01
E_03_00,E_05_00
E_03_01,E_03_02
E_03_01,E_03_03
E_03_01,E_04_01
E_03_01,E_05_01
E_03_02,E_03_03
E_03_02,E_03_04
E_03_02,E_04_02
E_03_02,E_05_02
E_03_03,E_03_04
E_03_03,E_03_05
E_03_03,E_04_03
E_03_03,E_04_04
E_03_03,E_05_03
E_03_04,E_03_05
E_03_04,E_03_06
E_03_04,E_04_04
E_03_04,E_05_04
E_03_05,E_03_06
E_03_05,E_03_07
E_03_05,E_04_05
E_03_05,E_05_05
E_03_06,E_03_07
E_03_06,E_03_08
E_03_06,E_04_06
E_03_06,E_04_07
E_03_06,E_05_06
E_03_07,E_03_08
E_03_07,E_03_09
E_03_07,E_04_07
E_03_07,E_05_07
E_03_08,E_03_09
E_03_08,E_03_10
E_03_08,E_04_08
E_03_08,E_05_08
E_03_09,E_03_10
E_03_09,E_03_11
E_03_09,E_04_09
E_03_09,E_04_10
E_03_09,E_05_09
E_03_10,E_03_11
E_03_10,E_03_12
E_03_10,E_04_10
E_03_10,E_05_10
E_03_11,E_03_12
E_03_11,E_03_13
E_03_11,E_04_11
E_03_11,E_05_11
E_03_12,E_03_13
E_03_12,E_03_14
E_03_12,E_04_12
E_03_12,E_04_13
E_03_12,E_05_12
E_03_13,E_03_14
E_03_13,E_03_15
E_03_13,E_04_13
E_03_13,E_05_13
E_03_14,E_03_15
E_03_14,E_03_16
E_03_14,E_04_14
E_03_14,E_05_14
E_03_15,E_03_16
E_03_15,E_03_17
E_03_15,E_04_15
E_03_15,E_04_16
E_03_15,E_05_15
E_03_16,E_03_17
E_03_16,E_03_18
E_03_16,E_04_16
E_03_16,E_05_16
E_03_17,E_03_18
E_03_17,E_03_19
E_03_17,E_04_17
E_03_17,E_05_17
E_03_18,E_03_19
E_03_18,E_03_20
E_03_18,E_04_18
E_03_18,E_04_19
E_03_18,E_05_18
E_03_19,E_03_20
E_03_19,E_03_21
E_03_19,E_04_19
E_03_19,E_05_19
E_03_20,E_03_21
E_03_20,E_03_22
E_03_20,E_04_20
E_03_20,E_05_20
E_03_21,E_03_22
E_03_21,E_03_23
E_03_21,E_04_21
E_03_21,E_04_22
E_03_21,E_05_21
E_03_22,E_03_23
E_03_22,E_03_24
E_03_22,E_04_22
E_03_22,E_05_22
E_03_23,E_03_24
E_03_23,E_03_25
E_03_23,E_04_23
E_03_23,E_05_23
E_03_24,E_03_25
E_03_24,E_03_26
E_03_24,E_04_24
E_03_24,E_04_25
E_03_24,E_05_24
E_03_25,E_03_26
E_03_25,E_03_27
E_03_25,E_04_25
E_03_25,E_05_25
E_03_26,E_03_27
E_03_26,E_03_28
E_03_26,E_04_26
E_03_26,E_05_26
E_03_27,E_03_28
E_03_27,E_03_29
E_03_27,E_04_27
E_03_27,E_04_28
E_03_27,E_05_27
E_03_28,E_03_29
E_03_28,E_03_30
E_03_28,E_04_28
E_03_28,E_05_28
E_03_29,E_03_30
E_03_29,E_03_31
E_03_29,E_04_29
E_03_29,E_05_29
E_03_30,E_03_31
E_03_30,E_03_32
E_03_30,E_04_30
E_03_30,E_04_31
E_03_30,E_05_30
E_03_31,E_03_32
E_03_31,E_03_33
E_03_31,E_04_31
E_03_31,E_05_31
E_03_32,E_03_33
E_03_32,E_03_34
E_03_32,E_04_32
E_03_32,E_05_32
E_03_33,E_03_34
E_03_33,E_03_35
E_03_33,E_04_33
E_03_33,E_04_34
E_03_33,E_05_33
E_03_34,E_03_35
E_03_34,E_03_36
E_03_34,E_04_34
E_03_34,E_05_34
E_03_35,E_03_36
E_03_35,E_03_37
E_03_35,E_04_35
E_03_35,E_05_35
E_03_36,E_03_37
E_03_36,E_03_38
E_03_36,E_04_36
E_03_36,E_04_37
E_03_36,E_05_36
E_03_37,E_03_38
E_03_37,E_03_39
E_03_37,E_04_37
E_03_37,E_05_37
E_03_38,E_03_39
E_03_38,E_03_40
E_03_38,E_04_38
E_03_38,E_05_38
E_03_39,E_03_40
E_03_39,E_03_41
E_03_39,E_04_39
E_03_39,E_04_40
E_03_39,E_05_39
E_03_40,E_03_41
E_03_40,E_03_42
E_03_40,E_04_40
E_03_40,E_05_40
E_03_41,E_03_42
E_03_41,E_03_43
E_03_41,E_04_41
E_03_41,E_05_41
E_03_42,E_03_43
E_03_42,E_03_44
E_03_42,E_04_42
E_03_42,E_04_43
E_03_42,E_05_42
E_03_43,E_03_44
E_03_43,E_03_45
E_03_43,E_04_43
E_03_43,E_05_43
E_03_44,E_03_45
E_03_44,E_03_46
E_03_44,E_04_44
E_03_44,E_05_44
E_03_45,E_03_46
E_03_45,E_03_47
E_03_45,E_04_45
E_03_45,E_04_46
E_03_45,E_05_45
E_03_46,E_03_47
E_03_46,E_03_48
E_03_46,E_04_46
E_03_46,E_05_46
E_03_47,E_03_48
E_03_47,E_03_49
E_03_47,E_04_47
E_03_47,E_05_47
E_03_48,E_03_49
E_03_48,E_04_48
E_03_48,E_04_49
E_03_48,E_05_48
E_03_49,E_04_49
E_03_49,E_05_49
E_04_00,E_04_01
E_04_00,E_04_02
E_04_00,E_05_00
E_04_00,E_06_00
E_04_01,E_04_02
E_04_01,E_04_03
E_04_01,E_05_01
E_04_01,E_06_01
E_04_02,E_04_03
E_04_02,E_04_04
E_04_02,E_05_02
E_04_02,E_06_02
E_04_03,E_04_04
E_04_03,E_04_05
E_04_03,E_05_03
E_04_03,E_06_03
E_04_04,E_04_05
E_04_04,E_04_06
E_04_04,E_05_04
E_04_04,E_06_04
E_04_05,E_04_06
E_04_05,E_04_07
E_04_05,E_05_05
E_04_05,E_06_05
E_04_06,E_04_07
E_04_06,E_04_08
E_04_06,E_05_06
E_04_06,E_06_06
E_04_07,E_04_08
E_04_07,E_04_09
E_04_07,E_05_07
E_04_07,E_06_07
E_04_08,E_04_09
E_04_08,E_04_10
E_04_08,E_05_08
E_04_08,E_06_08
E_04_09,E_04_10
E_04_09,E_04_11
E_04_09,E_05_09
E_04_09,E_06_09
E_04_10,E_04_11
E_04_10,E_04_12
E_04_10,E_05_10
E_04_10,E_06_10
E_04_11,E_04_12
E_04_11,E_04_13
E_04_11,E_05_11
E_04_11,E_06_11
E_04_12,E_04_13
E_04_12,E_04_14
E_04_12,E_05_12
E_04_12,E_06_12
E_04_13,E_04_14
E_04_13,E_04_15
E_04_13,E_05_13
E_04_13,E_06_13
E_04_14,E_04_15
E_04_14,E_04_16
E_04_14,E_05_14
E_04_14,E_06_14
E_04_15,E_04_16
E_04_15,E_04_17
E_04_15,E_05_15
E_04_15,E_06_15
E_04_16,E_04_17
E_04_16,E_04_18
E_04_16,E_05_16
E_04_16,E_06_16
E_04_17,E_04_18
E_04_17,E_04_19
E_04_17,E_05_17
E_04_17,E_06_17
E_04_18,E_04_19
E_04_18,E_04_20
E_04_18,E_05_18
E_04_18,E_06_18
E_04_19,E_04_20
E_04_19,E_04_21
E_04_19,E_05_19
E_04_19,E_06_19
E_04_20,E_04_21
E_04_20,E_04_22
E_04_20,E_05_20
E_04_20,E_06_20
E_04_21,E_04_22
E_04_21,E_04_23
E_04_21,E_05_21
E_04_21,E_06_21
E_04_22,E_04_23
E_04_22,E_04_24
E_04_22,E_05_22
E_04_22,E_06_22
E_04_23,E_04_24
E_04_23,E_04_25
E_04_23,E_05_23
E_04_23,E_06_23
E_04_24,E_04_25
E_04_24,E_04_26
E_04_24,E_05_24
E_04_24,E_06_24
E_04_25,E_04_26
E_04_25,E_04_27
E_04_25,E_05_25
E_04_25,E_06_25
E_04_26,E_04_27
E_04_26,E_04_28
E_04_26,E_05_26
E_04_26,E_06_26
E_04_27,E_04_28
E_04_27,E_04_29
E_04_27,E_05_27
E_04_27,E_06_27
E_04_28,E_04_29
E_04_28,E_04_30
E_04_28,E_05_28
E_04_28,E_06_28
E_04_29,E_04_30
E_04_29,E_04_31
E_04_29,E_05_29
E_04_29,E_06_29
E_04_30,E_04_31
E_04_30,E_04_32
E_04_30,E_05_30
E_04_30,E_06_30
E_04_31,E_04_32
E_04_31,E_04_33
E_04_31,E_05_31
E_04_31,E_06_31
E_04_32,E_04_33
E_04_32,E_04_34
E_04_32,E_05_32
E_04_32,E_06_32
E_04_33,E_04_34
E_04_33,E_04_35
E_04_33,E_05_33
E_04_33,E_06_33
E_04_34,E_04_35
E_04_34,E_04_36
E_04_34,E_05_34
E_04_34,E_06_34
E_04_35,E_04_36
E_04_35,E_04_37
E_04_35,E_05_35
E_04_35,E_06_35
E_04_36,E_04_37
E_04_36,E_04_38
E_04_36,E_05_36
E_04_36,E_06_36
E_04_37,E_04_38
E_04_37,E_04_39
E_04_37,E_05_37
E_04_37,E_06_37
E_04_38,E_04_39
E_04_38,E_04_40
E_04_38,E_05_38
E_04_38,E_06_38
E_04_39,E_04_40
E_04_39,E_04_41
E_04_39,E_05_39
E_04_39,E_06_39
E_04_40,E_04_41
E_04_40,E_04_42
E_04_40,E_05_40
E_04_40,E_06_40
E_04_41,E_04_42
E_04_41,E_04_43
E_04_41,E_05_41
E_04_41,E_06_41
E_04_42,E_04_43
E_04_42,E_04_44
E_04_42,E_05_42
E_04_42,E_06_42
E_04_43,E_04_44
E_04_43,E_04_45
E_04_43,E_05_43
E_04_43,E_06_43
E_04_44,E_04_45
E_04_44,E_04_46
E_04_44,E_05_44
E_04_44,E_06_44
E_04_45,E_04_46
E_04_45,E_04_47
E_04_45,E_05_45
E_04_45,E_06_45
E_04_46,E_04_47
E_04_46,E_04_48
E_04_46,E_05_46
E_04_46,E_06_46
E_04_47,E_04_48
E_04_47,E_04_49
E_04_47,E_05_47
E_04_47,E_06_47
E_04_48,E_04_49
E_04_48,E_05_48
E_04_48,E_06_48
E_04_49,E_05_49
E_04_49,E_06_49
E_05_00,E_05_01
E_05_00,E_05_02
E_05_00,E_06_00
E_05_00,E_07_00
E_05_01,E_05_02
E_05_01,E_05_03
E_05_01,E_06_01
E_05_01,E_07_01
E_05_02,E_05_03
E_05_02,E_05_04
E_05_02,E_06_02
E_05_02,E_07_02
E_05_03,E_05_04
E_05_03,E_05_05
E_05_03,E_06_03
E_05_03,E_07_03
E_05_04,E_05_05
E_05_04,E_05_06
E_05_04,E_06_04
E_05_04,E_07_04
E_05_05,E_05_06
E_05_05,E_05_07
E_05_05,E_06_05
E_05_05,E_07_05
E_05_06,E_05_07
E_05_06,E_05_08
E_05_06,E_06_06
E_05_06,E_07_06
E_05_07,E_05_08
E_05_07,E_05_09
E_05_07,E_06_07
E_05_07,E_07_07
E_05_08,E_05_09
E_05_08,E_05_10
E_05_08,E_06_08
E_05_08,E_07_08
E_05_09,E_05_10
E_05_09,E_05_11
E_05_09,E_06_09
E_05_09,E_07_09
E_05_10,E_05_11
E_05_10,E_05_12
E_05_10,E_06_10
E_05_10,E_07_10
E_05_11,E_05_12
E_05_11,E_05_13
E_05_11,E_06_11
E_05_11,E_07_11
E_05_12,E_05_13
E_05_12,E_05_14
E_05_12,E_06_12
E_05_12,E_07_12
E_05_13,E_05_14
E_05_13,E_05_15
E_05_13,E_06_13
E_05_13,E_07_13
E_05_14,E_05_15
E_05_14,E_05_16
E_05_14,E_06_14
E_05_14,E_07_14
E_05_15,E_05_16
E_05_15,E_05_17
E_05_15,E_06_15
E_05_15,E_07_15
E_05_16,E_05_17
E_05_16,E_05_18
E_05_16,E_06_16
E_05_16,E_07_16
E_05_17,E_05_18
E_05_17,E_05_19
E_05_17,E_06_17
E_05_17,E_07_17
E_05_18,E_05_19
E_05_18,E_05_20
E_05_18,E_06_18
E_05_18,E_07_18
E_05_19,E_05_20
E_05_19,E_05_21
E_05_19,E_06_19
E_05_19,E_07_19
E_05_20,E_05_21
E_05_20,E_05_22
E_05_20,E_06_20
E_05_20,E_07_20
E_05_21,E_05_22
E_05_21,E_05_23
E_05_21,E_06_21
E_05_21,E_07_21
E_05_22,E_05_23
E_05_22,E_05_24
E_05_22,E_06_22
E_05_22,E_07_22
E_05_23,E_05_24
E_05_23,E_05_25
E_05_23,E_06_23
E_05_23,E_07_23
E_05_24,E_05_25
E_05_24,E_05_26
E_05_24,E_06_24
E_05_24,E_07_24
E_05_25,E_05_26
E_05_25,E_05_27
E_05_25,E_06_25
E_05_25,E_07_25
E_05_26,E_05_27
E_05_26,E_05_28
E_05_26,E_06_26
E_05_26,E_07_26
E_05_27,E_05_28
E_05_27,E_05_29
E_05_27,E_06_27
E_05_27,E_07_27
E_05_28,E_05_29
E_05_28,E_05_30
E_05_28,E_06_28
E_05_28,E_07_28
E_05_29,E_05_30
E_05_29,E_05_31
E_05_29,E_06_29
E_05_29,E_07_29
E_05_30,E_05_31
E_05_30,E_05_32
E_05_30,E_06_30
E_05_30,E_07_30
E_05_31,E_05_32
E_05_31,E_05_33
E_05_31,E_06_31
E_05_31,E_07_31
E_05_32,E_05_33
E_05_32,E_05_34
E_05_32,E_06_32
E_05_32,E_07_32
E_05_33,E_05_34
E_05_33,E_05_35
E_05_33,E_06_33
E_05_33,E_07_33
E_05_34,E_05_35
E_05_34,E_05_36
E_05_34,E_06_34
E_05_34,E_07_34
E_05_35,E_05_36
E_05_35,E_05_37
E_05_35,E_06_35
E_05_35,E_07_35
E_05_36,E_05_37
E_05_36,E_05_38
E_05_36,E_06_36
E_05_36,E_07_36
E_05_37,E_05_38
E_05_37,E_05_39
E_05_37,E_06_37
E_05_37,E_07_37
E_05_38,E_05_39
E_05_38,E_05_40
E_05_38,E_06_38
E_05_38,E_07_38
E_05_39,E_05_40
E_05_39,E_05_41
E_05_39,E_06_39
E_05_39,E_07_39
E_05_40,E_05_41
E_05_40,E_05_42
E_05_40,E_06_40
E_05_40,E_07_40
E_05_41,E_05_42
E_05_41,E_05_43
E_05_41,E_06_41
E_05_41,E_07_41
E_05_42,E_05_43
E_05_42,E_05_44
E_05_42,E_06_42
E_05_42,E_07_42
E_05_43,E_05_44
E_05_43,E_05_45
E_05_43,E_06_43
E_05_43,E_07_43
E_05_44,E_05_45
E_05_44,E_05_46
E_05_44,E_06_44
E_05_44,E_07_44
E_05_45,E_05_46
E_05_45,E_05_47
E_05_45,E_06_45
E_05_45,E_07_45
E_05_46,E_05_47
E_05_46,E_05_48
E_05_46,E_06_46
E_05_46,E_07_46
E_05_47,E_05_48
E_05_47,E_05_49
E_05_47,E_06_47
E_05_47,E_07_47
E_05_48,E_05_49
E_05_48,E_06_48
E_05_48,E_07_48
E_05_49,E_06_49
E_05_49,E_07_49
E_06_00,E_06_01
E_06_00,E_06_02
E_06_00,E_07_00
E_06_00,E_07_01
E_06_00,E_08_00
E_06_01,E_06_02
E_06_01,E_06_03
E_06_01,E_07_01
E_06_01,E_08_01
E_06_02,E_06_03
E_06_02,E_06_04
E_06_02,E_07_02
E_06_02,E_08_02
E_06_03,E_06_04
E_06_03,E_06_05
E_06_03,E_07_03
E_06_03,E_07_04
E_06_03,E_08_03
E_06_04,E_06_05
E_06_04,E_06_06
E_06_04,E_07_04
E_06_04,E_08_04
E_06_05,E_06_06
E_06_05,E_06_07
E_06_05,E_07_05
E_06_05,E_08_05
E_06_06,E_06_07
E_06_06,E_06_08
E_06_06,E_07_06
E_06_06,E_07_07
E_06_06,E_08_06
E_06_07,E_06_08
E_06_07,E_06_09
E_06_07,E_07_07
E_06_07,E_08_07
E_06_08,E_06_09
E_06_08,E_06_10
E_06_08,E_07_08
E_06_08,E_08_08
E_06_09,E_06_10
E_06_09,E_06_11
E_06_09,E_07_09
E_06_09,E_07_10
E_06_09,E_08_09
E_06_10,E_06_11
E_06_10,E_06_12
E_06_10,E_07_10
E_06_10,E_08_10
E_06_11,E_06_12
E_06_11,E_06_13
E_06_11,E_07_11
E_06_11,E_08_11
E_06_12,E_06_13
E_06_12,E_06_14
E_06_12,E_07_12
E_06_12,E_07_13
E_06_12,E_08_12
E_06_13,E_06_14
E_06_13,E_06_15
E_06_13,E_07_13
E_06_13,E_08_13
E_06_14,E_06_15
E_06_14,E_06_16
E_06_14,E_07_14
E_06_14,E_08_14
E_06_15,E_06_16
E_06_15,E_06_17
E_06_15,E_07_15
E_06_15,E_07_16
E_06_15,E_08_15
E_06_16,E_06_17
E_06_16,E_06_18
E_06_16,E_07_16
E_06_16,E_08_16
E_06_17,E_06_18
E_06_17,E_06_19
E_06_17,E_07_17
E_06_17,E_08_17
E_06_18,E_06_19
E_06_18,E_06_20
E_06_18,E_07_18
E_06_18,E_07_19
E_06_18,E_08_18
E_06_19,E_06_20
E_06_19,E_06_21
E_06_19,E_07_19
E_06_19,E_08_19
E_06_20,E_06_21
E_06_20,E_06_22
E_06_20,E_07_20
E_06_20,E_08_20
E_06_21,E_06_22
E_06_21,E_06_23
E_06_21,E_07_21
E_06_21,E_07_22
E_06_21,E_08_21
E_06_22,E_06_23
E_06_22,E_06_24
E_06_22,E_07_22
E_06_22,E_08_22
E_06_23,E_06_24
E_06_23,E_06_25
E_06_23,E_07_23
E_06_23,E_08_23
E_06_24,E_06_25
E_06_24,E_06_26
E_06_24,E_07_24
E_06_24,E_07_25
E_06_24,E_08_24
E_06_25,E_06_26
E_06_25,E_06_27
E_06_25,E_07_25
E_06_25,E_08_25
E_06_26,E_06_27
E_06_26,E_06_28
E_06_26,E_07_26
E_06_26,E_08_26
E_06_27,E_06_28
E_06_27,E_06_29
E_06_27,E_07_27
E_06_27,E_07_28
E_06_27,E_08_27
E_06_28,E_06_29
E_06_28,E_06_30
E_06_28,E_07_28
E_06_28,E_08_28
E_06_29,E_06_30
E_06_29,E_06_31
E_06_29,E_07_29
E_06_29,E_08_29
E_06_30,E_06_31
E_06_30,E_06_32
E_06_30,E_07_30
E_06_30,E_07_31
E_06_30,E_08_30
E_06_31,E_06_32
E_06_31,E_06_33
E_06_31,E_07_31
E_06_31,E_08_31
E_06_32,E_06_33
E_06_32,E_06_34
E_06_32,E_07_32
E_06_32,E_08_32
E_06_33,E_06_34
E_06_33,E_06_35
E_06_33,E_07_33
E_06_33,E_07_34
E_06_33,E_08_33
E_06_34,E_06_35
E_06_34,E_06_36
E_06_34,E_07_34
E_06_34,E_08_34
E_06_35,E_06_36
E_06_35,E_06_37
E_06_35,E_07_35
E_06_35,E_08_35
E_06_36,E_06_37
E_06_36,E_06_38
E_06_36,E_07_36
E_06_36,E_07_37
E_06_36,E_08_36
E_06_37,E_06_38
E_06_37,E_06_39
E_06_37,E_07_37
E_06_37,E_08_37
E_06_38,E_06_39
E_06_38,E_06_40
E_06_38,E_07_38
E_06_38,E_08_38
E_06_39,E_06_40
E_06_39,E_06_41
E_06_39,E_07_39
E_06_39,E_07_40
E_06_39,E_08_39
E_06_40,E_06_41
E_06_40,E_06_42
E_06_40,E_07_40
E_06_40,E_08_40
E_06_41,E_06_42
E_06_41,E_06_43
E_06_41,E_07_41
E_06_41,E_08_41
E_06_42,E_06_43
E_06_42,E_06_44
E_06_42,E_07_42
E_06_42,E_07_43
E_06_42,E_08_42
E_06_43,E_06_44
E_06_43,E_06_45
E_06_43,E_07_43
E_06_43,E_08_43
E_06_44,E_06_45
E_06_44,E_06_46
E_06_44,E_07_44
E_06_44,E_08_44
E_06_45,E_06_46
E_06_45,E_06_47
E_06_45,E_07_45
E_06_45,E_07_46
E_06_45,E_08_45
E_06_46,E_06_47
E_06_46,E_06_48
E_06_46,E_07_46
E_06_46,E_08_46
E_06_47,E_06_48
E_06_47,E_06_49
E_06_47,E_07_47
E_06_47,E_08_47
E_06_48,E_06_49
E_06_48,E_07_48
E_06_48,E_07_49
E_06_48,E_08_48
E_06_49,E_07_49
E_06_49,E_08_49
E_07_00,E_07_01
E_07_00,E_07_02
E_07_00,E_08_00
E_07_00,E_09_00
E_07_01,E_07_02
E_07_01,E_07_03
E_07_01,E_08_01
E_07_01,E_09_01
E_07_02,E_07_03
E_07_02,E_07_04
E_07_02,E_08_02
E_07_02,E_09_02
E_07_03,E_07_04
E_07_03,E_07_05
E_07_03,E_08_03
E_07_03,E_09_03
E_07_04,E_07_05
E_07_04,E_07_06
E_07_04,E_08_04
E_07_04,E_09_04
E_07_05,E_07_06
E_07_05,E_07_07
E_07_05,E_08_05
E_07_05,E_09_05
E_07_06,E_07_07
E_07_06,E_07_08
E_07_06,E_08_06
E_07_06,E_09_06
E_07_07,E_07_08
E_07_07,E_07_09
E_07_07,E_08_07
E_07_07,E_09_07
E_07_08,E_07_09
E_07_08,E_07_10
E_07_08,E_08_08
E_07_08,E_09_08
E_07_09,E_07_10
E_07_09,E_07_11
E_07_09,E_08_09
E_07_09,E_09_09
E_07_10,E_07_11
E_07_10,E_07_12
E_07_10,E_08_10
E_07_10,E_09_10
E_07_11,E_07_12
E_07_11,E_07_13
E_07_11,E_08_11
E_07_11,E_09_11
E_07_12,E_07_13
E_07_12,E_07_14
E_07_12,E_08_12
E_07_12,E_09_12
E_07_13,E_07_14
E_07_13,E_07_15
E_07_13,E_08_13
E_07_13,E_09_13
E_07_14,E_07_15
E_07_14,E_07_16
E_07_14,E_08_14
E_07_14,E_09_14
E_07_15,E_07_16
E_07_15,E_07_17
E_07_15,E_08_15
E_07_15,E_09_15
E_07_16,E_07_17
E_07_16,E_07_18
E_07_16,E_08_16
E_07_16,E_09_16
E_07_17,E_07_18
E_07_17,E_07_19
E_07_17,E_08_17
E_07_17,E_09_17
E_07_18,E_07_19
E_07_18,E_07_20
E_07_18,E_08_18
E_07_18,E_09_18
E_07_19,E_07_20
E_07_19,E_07_21
E_07_19,E_08_19
E_07_19,E_09_19
E_07_20,E_07_21
E_07_20,E_07_22
E_07_20,E_08_20
E_07_20,E_09_20
E_07_21,E_07_22
E_07_21,E_07_23
E_07_21,E_08_21
E_07_21,E_09_21
E_07_22,E_07_23
E_07_22,E_07_24
E_07_22,E_08_22
E_07_22,E_09_22
E_07_23,E_07_24
E_07_23,E_07_25
E_07_23,E_08_23
E_07_23,E_09_23
E_07_24,E_07_25
E_07_24,E_07_26
E_07_24,E_08_24
E_07_24,E_09_24
E_07_25,E_07_26
E_07_25,E_07_27
E_07_25,E_08_25
E_07_25,E_09_25
E_07_26,E_07_27
E_07_26,E_07_28
E_07_26,E_08_26
E_07_26,E_09_26
E_07_27,E_07_28
E_07_27,E_07_29
E_07_27,E_08_27
E_07_27,E_09_27
E_07_28,E_07_29
E_07_28,E_07_30
E_07_28,E_08_28
E_07_28,E_09_28
E_07_29,E_07_30
E_07_29,E_07_31
E_07_29,E_08_29
E_07_29,E_09_29
E_07_30,E_07_31
E_07_30,E_07_32
E_07_30,E_08_30
E_07_30,E_09_30
E_07_31,E_07_32
E_07_31,E_07_33
E_07_31,E_08_31
E_07_31,E_09_31
E_07_32,E_07_33
E_07_32,E_07_34
E_07_32,E_08_32
E_07_32,E_09_32
E_07_33,E_07_34
E_07_33,E_07_35
E_07_33,E_08_33
E_07_33,E_09_33
E_07_34,E_07_35
E_07_34,E_07_36
E_07_34,E_08_34
E_07_34,E_09_34
E_07_35,E_07_36
E_07_35,E_07_37
E_07_35,E_08_35
E_07_35,E_09_35
E_07_36,E_07_37
E_07_36,E_07_38
E_07_36,E_08_36
E_07_36,E_09_36
E_07_37,E_07_38
E_07_37,E_07_39
E_07_37,E_08_37
E_07_37,E_09_37
E_07_38,E_07_39
E_07_38,E_07_40
E_07_38,E_08_38
E_07_38,E_09_38
E_07_39,E_07_40
E_07_39,E_07_41
E_07_39,E_08_39
E_07_39,E_09_39
E_07_40,E_07_41
E_07_40,E_07_42
E_07_40,E_08_40
E_07_40,E_09_40
E_07_41,E_07_42
E_07_41,E_07_43
E_07_41,E_08_41
E_07_41,E_09_41
E_07_42,E_07_43
E_07_42,E_07_44
E_07_42,E_08_42
E_07_42,E_09_42
E_07_43,E_07_44
E_07_43,E_07_45
E_07_43,E_08_43
E_07_43,E_09_43
E_07_44,E_07_45
E_07_44,E_07_46
E_07_44,E_08_44
E_07_44,E_09_44
E_07_45,E_07_46
E_07_45,E_07_47
E_07_45,E_08_45
E_07_45,E_09_45
E_07_46,E_07_47
E_07_46,E_07_48
E_07_46,E_08_46
E_07_46,E_09_46
E_07_47,E_07_48
E_07_47,E_07_49
E_07_47,E_08_47
E_07_47,E_09_47
E_07_48,E_07_49
E_07_48,E_08_48
E_07_48,E_09_48
E_07_49,E_08_49
E_07_49,E_09_49
E_08_00,E_08_01
E_08_00,E_08_02
E_08_00,E_09_00
E_08_00,E_10_00
E_08_01,E_08_02
E_08_01,E_08_03
E_08_01,E_09_01
E_08_01,E_10_01
E_08_02,E_08_03
E_08_02,E_08_04
E_08_02,E_09_02
E_08_02,E_10_02
E_08_03,E_08_04
E_08_03,E_08_05
E_08_03,E_09_03
E_08_03,E_10_03
E_08_04,E_08_05
E_08_04,E_08_06
E_08_04,E_09_04
E_08_04,E_10_04
E_08_05,E_08_06
E_08_05,E_08_07
E_08_05,E_09_05
E_08_05,E_10_05
E_08_06,E_08_07
E_08_06,E_08_08
E_08_06,E_09_06
E_08_06,E_10_06
E_08_07,E_08_08
E_08_07,E_08_09
E_08_07,E_09_07
E_08_07,E_10_07
E_08_08,E_08_09
E_08_08,E_08_10
E_08_08,E_09_08
E_08_08,E_10_08
E_08_09,E_08_10
E_08_09,E_08_11
E_08_09,E_09_09
E_08_09,E_10_09
E_08_10,E_08_11
E_08_10,E_08_12
E_08_10,E_09_10
E_08_10,E_10_10
E_08_11,E_08_12
E_08_11,E_08_13
E_08_11,E_09_11
E_08_11,E_10_11
E_08_12,E_08_13
E_08_12,E_08_14
E_08_12,E_09_12
E_08_12,E_10_12
E_08_13,E_08_14
E_08_13,E_08_15
E_08_13,E_09_13
E_08_13,E_10_13
E_08_14,E_08_15
E_08_14,E_08_16
E_08_14,E_09_14
E_08_14,E_10_14
E_08_15,E_08_16
E_08_15,E_08_17
E_08_15,E_09_15
E_08_15,E_10_15
E_08_16,E_08_17
E_08_16,E_08_18
E_08_16,E_09_16
E_08_16,E_10_16
E_08_17,E_08_18
E_08_17,E_08_19
E_08_17,E_09_17
E_08_17,E_10_17
E_08_18,E_08_19
E_08_18,E_08_20
E_08_18,E_09_18
E_08_18,E_10_18
E_08_19,E_08_20
E_08_19,E_08_21
E_08_19,E_09_19
E_08_19,E_10_19
E_08_20,E_08_21
E_08_20,E_08_22
E_08_20,E_09_20
E_08_20,E_10_20
E_08_21,E_08_22
E_08_21,E_08_23
E_08_21,E_09_21
E_08_21,E_10_21
E_08_22,E_08_23
E_08_22,E_08_24
E_08_22,E_09_22
E_08_22,E_10_22
E_08_23,E_08_24
E_08_23,E_08_25
E_08_23,E_09_23
E_08_23,E_10_23
E_08_24,E_08_25
E_08_24,E_08_26
E_08_24,E_09_24
E_08_24,E_10_24
E_08_25,E_08_26
E_08_25,E_08_27
E_08_25,E_09_25
E_08_25,E_10_25
E_08_26,E_08_27
E_08_26,E_08_28
E_08_26,E_09_26
E_08_26,E_10_26
E_08_27,E_08_28
E_08_27,E_08_29
E_08_27,E_09_27
E_08_27,E_10_27
E_08_28,E_08_29
E_08_28,E_08_30
E_08_28,E_09_28
E_08_28,E_10_28
E_08_29,E_08_30
E_08_29,E_08_31
E_08_29,E_09_29
E_08_29,E_10_29
E_08_30,E_08_31
E_08_30,E_08_32
E_08_30,E_09_30
E_08_30,E_10_30
E_08_31,E_08_32
E_08_31,E_08_33
E_08_31,E_09_31
E_08_31,E_10_31
E_08_32,E_08_33
E_08_32,E_08_34
E_08_32,E_09_32
E_08_32,E_10_32
E_08_33,E_08_34
E_08_33,E_08_35
E_08_33,E_09_33
E_08_33,E_10_33
E_08_34,E_08_35
E_08_34,E_08_36
E_08_34,E_09_34
E_08_34,E_10_34
E_08_35,E_08_36
E_08_35,E_08_37
E_08_35,E_09_35
E_08_35,E_10_35
E_08_36,E_08_37
E_08_36,E_08_38
E_08_36,E_09_36
E_08_36,E_10_36
E_08_37,E_08_38
E_08_37,E_08_39
E_08_37,E_09_37
E_08_37,E_10_37
E_08_38,E_08_39
E_08_38,E_08_40
E_08_38,E_09_38
E_08_38,E_10_38
E_08_39,E_08_40
E_08_39,E_08_41
E_08_39,E_09_39
E_08_39,E_10_39
E_08_40,E_08_41
E_08_40,E_08_42
E_08_40,E_09_40
E_08_40,E_10_40
E_08_41,E_08_42
E_08_41,E_08_43
E_08_41,E_09_41
E_08_41,E_10_41
E_08_42,E_08_43
E_08_42,E_08_44
E_08_42,E_09_42
E_08_42,E_10_42
E_08_43,E_08_44
E_08_43,E_08_45
E_08_43,E_09_43
E_08_43,E_10_43
E_08_44,E_08_45
E_08_44,E_08_46
E_08_44,E_09_44
E_08_44,E_10_44
E_08_45,E_08_46
E_08_45,E_08_47
E_08_45,E_09_45
E_08_45,E_10_45
E_08_46,E_08_47
E_08_46,E_08_48
E_08_46,E_09_46
E_08_46,E_10_46
E_08_47,E_08_48
E_08_47,E_08_49
E_08_47,E_09_47
E_08_47,E_10_47
E_08_48,E_08_49
E_08_48,E_09_48
E_08_48,E_10_48
E_08_49,E_09_49
E_08_49,E_10_49
E_09_00,E_09_01
E_09_00,E_09_02
E_09_00,E_10_00
E_09_00,E_10_01
E_09_00,E_11_00
E_09_01,E_09_02
E_09_01,E_09_03
E_09_01,E_10_01
E_09_01,E_11_01
E_09_02,E_09_03
E_09_02,E_09_04
E_09_02,E_10_02
E_09_02,E_11_02
E_09_03,E_09_04
E_09_03,E_09_05
E_09_03,E_10_03
E_09_03,E_10_04
E_09_03,E_11_03
E_09_04,E_09_05
E_09_04,E_09_06
E_09_04,E_10_04
E_09_04,E_11_04
E_09_05,E_09_06
E_09_05,E_09_07
E_09_05,E_10_05
E_09_05,E_11_05
E_09_06,E_09_07
E_09_06,E_09_08
E_09_06,E_10_06
E_09_06,E_10_07
E_09_06,E_11_06
E_09_07,E_09_08
E_09_07,E_09_09
E_09_07,E_10_07
E_09_07,E_11_07
E_09_08,E_09_09
E_09_08,E_09_10
E_09_08,E_10_08
E_09_08,E_11_08
E_09_09,E_09_10
E_09_09,E_09_11
E_09_09,E_10_09
E_09_09,E_10_10
E_09_09,E_11_09
E_09_10,E_09_11
E_09_10,E_09_12
E_09_10,E_10_10
E_09_10,E_11_10
E_09_11,E_09_12
E_09_11,E_09_13
E_09_11,E_10_11
E_09_11,E_11_11
E_09_12,E_09_13
E_09_12,E_09_14
E_09_12,E_10_12
E_09_12,E_10_13
E_09_12,E_11_12
E_09_13,E_09_14
E_09_13,E_09_15
E_09_13,E_10_13
E_09_13,E_11_13
E_09_14,E_09_15
E_09_14,E_09_16
E_09_14,E_10_14
E_09_14,E_11_14
E_09_15,E_09_16
E_09_15,E_09_17
E_09_15,E_10_15
E_09_15,E_10_16
E_09_15,E_11_15
E_09_16,E_09_17
E_09_16,E_09_18
E_09_16,E_10_16
E_09_16,E_11_16
E_09_17,E_09_18
E_09_17,E_09_19
E_09_17,E_10_17
E_09_17,E_11_17
E_09_18,E_09_19
E_09_18,E_09_20
E_09_18,E_10_18
E_09_18,E_10_19
E_09_18,E_11_18
E_09_19,E_09_20
E_09_19,E_09_21
E_09_19,E_10_19
E_09_19,E_11_19
E_09_20,E_09_21
E_09_20,E_09_22
E_09_20,E_10_20
E_09_20,E_11_20
E_09_21,E_09_22
E_09_21,E_09_23
E_09_21,E_10_21
E_09_21,E_10_22
E_09_21,E_11_21
E_09_22,E_09_23
E_09_22,E_09_24
E_09_22,E_10_22
E_09_22,E_11_22
E_09_23,E_09_24
E_09_23,E_09_25
E_09_23,E_10_23
E_09_23,E_11_23
E_09_24,E_09_25
E_09_24,E_09_26
E_09_24,E_10_24
E_09_24,E_10_25
E_09_24,E_11_24
E_09_25,E_09_26
E_09_25,E_09_27
E_09_25,E_10_25
E_09_25,E_11_25
E_09_26,E_09_27
E_09_26,E_09_28
E_09_26,E_10_26
E_09_26,E_11_26
E_09_27,E_09_28
E_09_27,E_09_29
E_09_27,E_10_27
E_09_27,E_10_28
E_09_27,E_11_27
E_09_28,E_09_29
E_09_28,E_09_30
E_09_28,E_10_28
E_09_28,E_11_28
E_09_29,E_09_30
E_09_29,E_09_31
E_09_29,E_10_29
E_09_29,E_11_29
E_09_30,E_09_31
E_09_30,E_09_32
E_09_30,E_10_30
E_09_30,E_10_31
E_09_30,E_11_30
E_09_31,E_09_32
E_09_31,E_09_33
E_09_31,E_10_31
E_09_31,E_11_31
E_09_32,E_09_33
E_09_32,E_09_34
E_09_32,E_10_32
E_09_32,E_11_32
E_09_33,E_09_34
E_09_33,E_09_35
E_09_33,E_10_33
E_09_33,E_10_34
E_09_33,E_11_33
E_09_34,E_09_35
E_09_34,E_09_36
E_09_34,E_10_34
E_09_34,E_11_34
E_09_35,E_09_36
E_09_35,E_09_37
E_09_35,E_10_35
E_09_35,E_11_35
E_09_36,E_09_37
E_09_36,E_09_38
E_09_36,E_10_36
E_09_36,E_10_37
E_09_36,E_11_36
E_09_37,E_09_38
E_09_37,E_09_39
E_09_37,E_10_37
E_09_37,E_11_37
E_09_38,E_09_39
E_09_38,E_09_40
E_09_38,E_10_38
E_09_38,E_11_38
E_09_39,E_09_40
E_09_39,E_09_41
E_09_39,E_10_39
E_09_39,E_10_40
E_09_39,E_11_39
E_09_40,E_09_41
E_09_40,E_09_42
E_09_40,E_10_40
E_09_40,E_11_40
E_09_41,E_09_42
E_09_41,E_09_43
E_09_41,E_10_41
E_09_41,E_11_41
E_09_42,E_09_43
E_09_42,E_09_44
E_09_42,E_10_42
E_09_42,E_10_43
E_09_42,E_11_42
E_09_43,E_09_44
E_09_43,E_09_45
E_09_43,E_10_43
E_09_43,E_11_43
E_09_44,E_09_45
E_09_44,E_09_46
E_09_44,E_10_44
E_09_44,E_11_44
E_09_45,E_09_46
E_09_45,E_09_47
E_09_45,E_10_45
E_09_45,E_10_46
E_09_45,E_11_45
E_09_46,E_09_47
E_09_46,E_09_48
E_09_46,E_10_46
E_09_46,E_11_46
E_09_47,E_09_48
E_09_47,E_09_49
E_09_47,E_10_47
E_09_47,E_11_47
E_09_48,E_09_49
E_09_48,E_10_48
E_09_48,E_10_49
E_09_48,E_11_48
E_09_49,E_10_49
E_09_49,E_11_49
E_10_00,E_10_01
E_10_00,E_10_02
E_10_00,E_11_00
E_10_00,E_12_00
E_10_01,E_10_02
E_10_01,E_10_03
E_10_01,E_11_01
E_10_01,E_12_01
E_10_02,E_10_03
E_10_02,E_10_04
E_10_02,E_11_02
E_10_02,E_12_02
E_10_03,E_10_04
E_10_03,E_10_05
E_10_03,E_11_03
E_10_03,E_12_03
E_10_04,E_10_05
E_10_04,E_10_06
E_10_04,E_11_04
E_10_04,E_12_04
E_10_05,E_10_06
E_10_05,E_10_07
E_10_05,E_11_05
E_10_05,E_12_05
E_10_06,E_10_07
E_10_06,E_10_08
E_10_06,E_11_06
E_10_06,E_12_06
E_10_07,E_10_08
E_10_07,E_10_09
E_10_07,E_11_07
E_10_07,E_12_07
E_10_08,E_10_09
E_10_08,E_10_10
E_10_08,E_11_08
E_10_08,E_12_08
E_10_09,E_10_10
E_10_09,E_10_11
E_10_09,E_11_09
E_10_09,E_12_09
E_10_10,E_10_11
E_10_10,E_10_12
E_10_10,E_11_10
E_10_10,E_12_10
E_10_11,E_10_12
E_10_11,E_10_13
E_10_11,E_11_11
E_10_11,E_12_11
E_10_12,E_10_13
E_10_12,E_10_14
E_10_12,E_11_12
E_10_12,E_12_12
E_10_13,E_10_14
E_10_13,E_10_15
E_10_13,E_11_13
E_10_13,E_12_13
E_10_14,E_10_15
E_10_14,E_10_16
E_10_14,E_11_14
E_10_14,E_12_14
E_10_15,E_10_16
E_10_15,E_10_17
E_10_15,E_11_15
E_10_15,E_12_15
E_10_16,E_10_17
E_10_16,E_10_18
E_10_16,E_11_16
E_10_16,E_12_16
E_10_17,E_10_18
E_10_17,E_10_19
E_10_17,E_11_17
E_10_17,E_12_17
E_10_18,E_10_19
E_10_18,E_10_20
E_10_18,E_11_18
E_10_18,E_12_18
E_10_19,E_10_20
E_10_19,E_10_21
E_10_19,E_11_19
E_10_19,E_12_19
E_10_20,E_10_21
E_10_20,E_10_22
E_10_20,E_11_20
E_10_20,E_12_20
E_10_21,E_10_22
E_10_21,E_10_23
E_10_21,E_11_21
E_10_21,E_12_21
E_10_22,E_10_23
E_10_22,E_10_24
E_10_22,E_11_22
E_10_22,E_12_22
E_10_23,E_10_24
E_10_23,E_10_25
E_10_23,E_11_23
E_10_23,E_12_23
E_10_24,E_10_25
E_10_24,E_10_26
E_10_24,E_11_24
E_10_24,E_12_24
E_10_25,E_10_26
E_10_25,E_10_27
E_10_25,E_11_25
E_10_25,E_12_25
E_10_26,E_10_27
E_10_26,E_10_28
E_10_26,E_11_26
E_10_26,E_12_26
E_10_27,E_10_28
E_10_27,E_10_29
E_10_27,E_11_27
E_10_27,E_12_27
E_10_28,E_10_29
E_10_28,E_10_30
E_10_28,E_11_28
E_10_28,E_12_28
E_10_29,E_10_30
E_10_29,E_10_31
E_10_29,E_11_29
E_10_29,E_12_29
E_10_30,E_10_31
E_10_30,E_10_32
E_10_30,E_11_30
E_10_30,E_12_30
E_10_31,E_10_32
E_10_31,E_10_33
E_10_31,E_11_31
E_10_31,E_12_31
E_10_32,E_10_33
E_10_32,E_10_34
E_10_32,E_11_32
E_10_32,E_12_32
E_10_33,E_10_34
E_10_33,E_10_35
E_10_33,E_11_33
E_10_33,E_12_33
E_10_34,E_10_35
E_10_34,E_10_36
E_10_34,E_11_34
E_10_34,E_12_34
E_10_35,E_10_36
E_10_35,E_10_37
E_10_35,E_11_35
E_10_35,E_12_35
E_10_36,E_10_37
E_10_36,E_10_38
E_10_36,E_11_36
E_10_36,E_12_36
E_10_37,E_10_38
E_10_37,E_10_39
E_10_37,E_11_37
E_10_37,E_12_37
E_10_38,E_10_39
E_10_38,E_10_40
E_10_38,E_11_38
E_10_38,E_12_38
E_10_39,E_10_40
E_10_39,E_10_41
E_10_39,E_11_39
E_10_39,E_12_39
E_10_40,E_10_41
E_10_40,E_10_42
E_10_40,E_11_40
E_10_40,E_12_40
E_10_41,E_10_42
E_10_41,E_10_43
E_10_41,E_11_41
E_10_41,E_12_41
E_10_42,E_10_43
E_10_42,E_10_44
E_10_42,E_11_42
E_10_42,E_12_42
E_10_43,E_10_44
E_10_43,E_10_45
E_10_43,E_11_43
E_10_43,E_12_43
E_10_44,E_10_45
E_10_44,E_10_46
E_10_44,E_11_44
E_10_44,E_12_44
E_10_45,E_10_46
E_10_45,E_10_47
E_10_45,E_11_45
E_10_45,E_12_45
E_10_46,E_10_47
E_10_46,E_10_48
E_10_46,E_11_46
E_10_46,E_12_46
E_10_47,E_10_48
E_10_47,E_10_49
E_10_47,E_11_47
E_10_47,E_12_47
E_10_48,E_10_49
E_10_48,E_11_48
E_10_48,E_12_48
E_10_49,E_11_49
E_10_49,E_12_49
E_11_00,E_11_01
E_11_00,E_11_02
E_11_00,E_12_00
E_11_00,E_13_00
E_11_01,E_11_02
E_11_01,E_11_03
E_11_01,E_12_01
E_11_01,E_13_01
E_11_02,E_11_03
E_11_02,E_11_04
E_11_02,E_12_02
E_11_02,E_13_02
E_11_03,E_11_04
E_11_03,E_11_05
E_11_03,E_12_03
E_11_03,E_13_03
E_11_04,E_11_05
E_11_04,E_11_06
E_11_04,E_12_04
E_11_04,E_13_04
E_11_05,E_11_06
E_11_05,E_11_07
E_11_05,E_12_05
E_11_05,E_13_05
E_11_06,E_11_07
E_11_06,E_11_08
E_11_06,E_12_06
E_11_06,E_13_06
E_11_07,E_11_08
E_11_07,E_11_09
E_11_07,E_12_07
E_11_07,E_13_07
E_11_08,E_11_09
E_11_08,E_11_10
E_11_08,E_12_08
E_11_08,E_13_08
E_11_09,E_11_10
E_11_09,E_11_11
E_11_09,E_12_09
E_11_09,E_13_09
E_11_10,E_11_11
E_11_10,E_11_12
E_11_10,E_12_10
E_11_10,E_13_10
E_11_11,E_11_12
E_11_11,E_11_13
E_11_11,E_12_11
E_11_11,E_13_11
E_11_12,E_11_13
E_11_12,E_11_14
E_11_12,E_12_12
E_11_12,E_13_12
E_11_13,E_11_14
E_11_13,E_11_15
E_11_13,E_12_13
E_11_13,E_13_13
E_11_14,E_11_15
E_11_14,E_11_16
E_11_14,E_12_14
E_11_14,E_13_14
E_11_15,E_11_16
E_11_15,E_11_17
E_11_15,E_12_15
E_11_15,E_13_15
E_11_16,E_11_17
E_11_16,E_11_18
E_11_16,E_12_16
E_11_16,E_13_16
E_11_17,E_11_18
E_11_17,E_11_19
E_11_17,E_12_17
E_11_17,E_13_17
E_11_18,E_11_19
E_11_18,E_11_20
E_11_18,E_12_18
E_11_18,E_13_18
E_11_19,E_11_20
E_11_19,E_11_21
E_11_19,E_12_19
E_11_19,E_13_19
E_11_20,E_11_21
E_11_20,E_11_22
E_11_20,E_12_20
E_11_20,E_13_20
E_11_21,E_11_22
E_11_21,E_11_23
E_11_21,E_12_21
E_11_21,E_13_21
E_11_22,E_11_23
E_11_22,E_11_24
E_11_22,E_12_22
E_11_22,E_13_22
E_11_23,E_11_24
E_11_23,E_11_25
E_11_23,E_12_23
E_11_23,E_13_23
E_11_24,E_11_25
E_11_24,E_11_26
E_11_24,E_12_24
E_11_24,E_13_24
E_11_25,E_11_26
E_11_25,E_11_27
E_11_25,E_12_25
E_11_25,E_13_25
E_11_26,E_11_27
E_11_26,E_11_28
E_11_26,E_12_26
E_11_26,E_13_26
E_11_27,E_11_28
E_11_27,E_11_29
E_11_27,E_12_27
E_11_27,E_13_27
E_11_28,E_11_29
E_11_28,E_11_30
E_11_28,E_12_28
E_11_28,E_13_28
E_11_29,E_11_30
E_11_29,E_11_31
E_11_29,E_12_29
E_11_29,E_13_29
E_11_30,E_11_31
E_11_30,E_11_32
E_11_30,E_12_30
E_11_30,E_13_30
E_11_31,E_11_32
E_11_31,E_11_33
E_11_31,E_12_31
E_11_31,E_13_31
E_11_32,E_11_33
E_11_32,E_11_34
E_11_32,E_12_32
E_11_32,E_13_32
E_11_33,E_11_34
E_11_33,E_11_35
E_11_33,E_12_33
E_11_33,E_13_33
E_11_34,E_11_35
E_11_34,E_11_36
E_11_34,E_12_34
E_11_34,E_13_34
E_11_35,E_11_36
E_11_35,E_11_37
E_11_35,E_12_35
E_11_35,E_13_35
E_11_36,E_11_37
E_11_36,E_11_38
E_11_36,E_12_36
E_11_36,E_13_36
E_11_37,E_11_38
E_11_37,E_11_39
E_11_37,E_12_37
E_11_37,E_13_37
E_11_38,E_11_39
E_11_38,E_11_40
E_11_38,E_12_38
E_11_38,E_13_38
E_11_39,E_11_40
E_11_39,E_11_41
E_11_39,E_12_39
E_11_39,E_13_39
E_11_40,E_11_41
E_11_40,E_11_42
E_11_40,E_12_40
E_11_40,E_13_40
E_11_41,E_11_42
E_11_41,E_11_43
E_11_41,E_12_41
E_11_41,E_13_41
E_11_42,E_11_43
E_11_42,E_11_44
E_11_42,E_12_42
E_11_42,E_13_42
E_11_43,E_11_44
E_11_43,E_11_45
E_11_43,E_12_43
E_11_43,E_13_43
E_11_44,E_11_45
E_11_44,E_11_46
E_11_44,E_12_44
E_11_44,E_13_44
E_11_45,E_11_46
E_11_45,E_11_47
E_11_45,E_12_45
E_11_45,E_13_45
E_11_46,E_11_47
E_11_46,E_11_48
E_11_46,E_12_46
E_11_46,E_13_46
E_11_47,E_11_48
E_11_47,E_11_49
E_11_47,E_12_47
E_11_47,E_13_47
E_11_48,E_11_49
E_11_48,E_12_48
E_11_48,E_13_48
E_11_49,E_12_49
E_11_49,E_13_49
E_12_00,E_12_01
E_12_00,E_12_02
E_12_00,E_13_00
E_12_00,E_13_01
E_12_00,E_14_00
E_12_01,E_12_02
E_12_01,E_12_03
E_12_01,E_13_01
E_12_01,E_14_01
E_12_02,E_12_03
E_12_02,E_12_04
E_12_02,E_13_02
E_12_02,E_14_02
E_12_03,E_12_04
E_12_03,E_12_05
E_12_03,E_13_03
E_12_03,E_13_04
E_12_03,E_14_03
E_12_04,E_12_05
E_12_04,E_12_06
E_12_04,E_13_04
E_12_04,E_14_04
E_12_05,E_12_06
E_12_05,E_12_07
E_12_05,E_13_05
E_12_05,E_14_05
E_12_06,E_12_07
E_12_06,E_12_08
E_12_06,E_13_06
E_12_06,E_13_07
E_12_06,E_14_06
E_12_07,E_12_08
E_12_07,E_12_09
E_12_07,E_13_07
E_12_07,E_14_07
E_12_08,E_12_09
E_12_08,E_12_10
E_12_08,E_13_08
E_12_08,E_14_08
E_12_09,E_12_10
E_12_09,E_12_11
E_12_09,E_13_09
E_12_09,E_13_10
E_12_09,E_14_09
E_12_10,E_12_11
E_12_10,E_12_12
E_12_10,E_13_10
E_12_10,E_14_10
E_12_11,E_12_12
E_12_11,E_12_13
E_12_11,E_13_11
E_12_11,E_14_11
E_12_12,E_12_13
E_12_12,E_12_14
E_12_12,E_13_12
E_12_12,E_13_13
E_12_12,E_14_12
E_12_13,E_12_14
E_12_13,E_12_15
E_12_13,E_13_13
E_12_13,E_14_13
E_12_14,E_12_15
E_12_14,E_12_16
E_12_14,E_13_14
E_12_14,E_14_14
E_12_15,E_12_16
E_12_15,E_12_17
E_12_15,E_13_15
E_12_15,E_13_16
E_12_15,E_14_15
E_12_16,E_12_17
E_12_16,E_12_18
E_12_16,E_13_16
E_12_16,E_14_16
E_12_17,E_12_18
E_12_17,E_12_19
E_12_17,E_13_17
E_12_17,E_14_17
E_12_18,E_12_19
E_12_18,E_12_20
E_12_18,E_13_18
E_12_18,E_13_19
E_12_18,E_14_18
E_12_19,E_12_20
E_12_19,E_12_21
E_12_19,E_13_19
E_12_19,E_14_19
E_12_20,E_12_21
E_12_20,E_12_22
E_12_20,E_13_20
E_12_20,E_14_20
E_12_21,E_12_22
E_12_21,E_12_23
E_12_21,E_13_21
E_12_21,E_13_22
E_12_21,E_14_21
E_12_22,E_12_23
E_12_22,E_12_24
E_12_22,E_13_22
E_12_22,E_14_22
E_12_23,E_12_24
E_12_23,E_12_25
E_12_23,E_13_23
E_12_23,E_14_23
E_12_24,E_12_25
E_12_24,E_12_26
E_12_24,E_13_24
E_12_24,E_13_25
E_12_24,E_14_24
E_12_25,E_12_26
E_12_25,E_12_27
E_12_25,E_13_25
E_12_25,E_14_25
E_12_26,E_12_27
E_12_26,E_12_28
E_12_26,E_13_26
E_12_26,E_14_26
E_12_27,E_12_28
E_12_27,E_12_29
E_12_27,E_13_27
E_12_27,E_13_28
E_12_27,E_14_27
E_12_28,E_12_29
E_12_28,E_12_30
E_12_28,E_13_28
E_12_28,E_14_28
E_12_29,E_12_30
E_12_29,E_12_31
E_12_29,E_13_29
E_12_29,E_14_29
E_12_30,E_12_31
E_12_30,E_12_32
E_12_30,E_13_30
E_12_30,E_13_31
E_12_30,E_14_30
E_12_31,E_12_32
E_12_31,E_12_33
E_12_31,E_13_31
E_12_31,E_14_31
E_12_32,E_12_33
E_12_32,E_12_34
E_12_32,E_13_32
E_12_32,E_14_32
E_12_33,E_12_34
E_12_33,E_12_35
E_12_33,E_13_33
E_12_33,E_13_34
E_12_33,E_14_33
E_12_34,E_12_35
E_12_34,E_12_36
E_12_34,E_13_34
E_12_34,E_14_34
E_12_35,E_12_36
E_12_35,E_12_37
E_12_35,E_13_35
E_12_35,E_14_35
E_12_36,E_12_37
E_12_36,E_12_38
E_12_36,E_13_36
E_12_36,E_13_37
E_12_36,E_14_36
E_12_37,E_12_38
E_12_37,E_12_39
E_12_37,E_13_37
E_12_37,E_14_37
E_12_38,E_12_39
E_12_38,E_12_40
E_12_38,E_13_38
E_12_38,E_14_38
E_12_39,E_12_40
E_12_39,E_12_41
E_12_39,E_13_39
E_12_39,E_13_40
E_12_39,E_14_39
E_12_40,E_12_41
E_12_40,E_12_42
E_12_40,E_13_40
E_12_40,E_14_40
E_12_41,E_12_42
E_12_41,E_12_43
E_12_41,E_13_41
E_12_41,E_14_41
E_12_42,E_12_43
E_12_42,E_12_44
E_12_42,E_13_42
E_12_42,E_13_43
E_12_42,E_14_42
E_12_43,E_12_44
E_12_43,E_12_45
E_12_43,E_13_43
E_12_43,E_14_43
E_12_44,E_12_45
E_12_44,E_12_46
E_12_44,E_13_44
E_12_44,E_14_44
E_12_45,E_12_46
E_12_45,E_12_47
E_12_45,E_13_45
E_12_45,E_13_46
E_12_45,E_14_45
E_12_46,E_12_47
E_12_46,E_12_48
E_12_46,E_13_46
E_12_46,E_14_46
E_12_47,E_12_48
E_12_47,E_12_49
E_12_47,E_13_47
E_12_47,E_14_47
E_12_48,E_12_49
E_12_48,E_13_48
E_12_48,E_13_49
E_12_48,E_14_48
E_12_49,E_13_49
E_12_49,E_14_49
E_13_00,E_13_01
E_13_00,E_13_02
E_13_00,E_14_00
E_13_00,E_15_00
E_13_01,E_13_02
E_13_01,E_13_03
E_13_01,E_14_01
E_13_01,E_15_01
E_13_02,E_13_03
E_13_02,E_13_04
E_13_02,E_14_02
E_13_02,E_15_02
E_13_03,E_13_04
E_13_03,E_13_05
E_13_03,E_14_03
E_13_03,E_15_03
E_13_04,E_13_05
E_13_04,E_13_06
E_13_04,E_14_04
E_13_04,E_15_04
E_13_05,E_13_06
E_13_05,E_13_07
E_13_05,E_14_05
E_13_05,E_15_05
E_13_06,E_13_07
E_13_06,E_13_08
E_13_06,E_14_06
E_13_06,E_15_06
E_13_07,E_13_08
E_13_07,E_13_09
E_13_07,E_14_07
E_13_07,E_15_07
E_13_08,E_13_09
E_13_08,E_13_10
E_13_08,E_14_08
E_13_08,E_15_08
E_13_09,E_13_10
E_13_09,E_13_11
E_13_09,E_14_09
E_13_09,E_15_09
E_13_10,E_13_11
E_13_10,E_13_12
E_13_10,E_14_10
E_13_10,E_15_10
E_13_11,E_13_12
E_13_11,E_13_13
E_13_11,E_14_11
E_13_11,E_15_11
E_13_12,E_13_13
E_13_12,E_13_14
E_13_12,E_14_12
E_13_12,E_15_12
E_13_13,E_13_14
E_13_13,E_13_15
E_13_13,E_14_13
E_13_13,E_15_13
E_13_14,E_13_15
E_13_14,E_13_16
E_13_14,E_14_14
E_13_14,E_15_14
E_13_15,E_13_16
E_13_15,E_13_17
E_13_15,E_14_15
E_13_15,E_15_15
E_13_16,E_13_17
E_13_16,E_13_18
E_13_16,E_14_16
E_13_16,E_15_16
E_13_17,E_13_18
E_13_17,E_13_19
E_13_17,E_14_17
E_13_17,E_15_17
E_13_18,E_13_19
E_13_18,E_13_20
E_13_18,E_14_18
E_13_18,E_15_18
E_13_19,E_13_20
E_13_19,E_13_21
E_13_19,E_14_19
E_13_19,E_15_19
E_13_20,E_13_21
E_13_20,E_13_22
E_13_20,E_14_20
E_13_20,E_15_20
E_13_21,E_13_22
E_13_21,E_13_23
E_13_21,E_14_21
E_13_21,E_15_21
E_13_22,E_13_23
E_13_22,E_13_24
E_13_22,E_14_22
E_13_22,E_15_22
E_13_23,E_13_24
E_13_23,E_13_25
E_13_23,E_14_23
E_13_23,E_15_23
E_13_24,E_13_25
E_13_24,E_13_26
E_13_24,E_14_24
E_13_24,E_15_24
E_13_25,E_13_26
E_13_25,E_13_27
E_13_25,E_14_25
E_13_25,E_15_25
E_13_26,E_13_27
E_13_26,E_13_28
E_13_26,E_14_26
E_13_26,E_15_26
E_13_27,E_13_28
E_13_27,E_13_29
E_13_27,E_14_27
E_13_27,E_15_27
E_13_28,E_13_29
E_13_28,E_13_30
E_13_28,E_14_28
E_13_28,E_15_28
E_13_29,E_13_30
E_13_29,E_13_31
E_13_29,E_14_29
E_13_29,E_15_29
E_13_30,E_13_31
E_13_30,E_13_32
E_13_30,E_14_30
E_13_30,E_15_30
E_13_31,E_13_32
E_13_31,E_13_33
E_13_31,E_14_31
E_13_31,E_15_31
E_13_32,E_13_33
E_13_32,E_13_34
E_13_32,E_14_32
E_13_32,E_15_32
E_13_33,E_13_34
E_13_33,E_13_35
E_13_33,E_14_33
E_13_33,E_15_33
E_13_34,E_13_35
E_13_34,E_13_36
E_13_34,E_14_34
E_13_34,E_15_34
E_13_35,E_13_36
E_13_35,E_13_37
E_13_35,E_14_35
E_13_35,E_15_35
E_13_36,E_13_37
E_13_36,E_13_38
E_13_36,E_14_36
E_13_36,E_15_36
E_13_37,E_13_38
E_13_37,E_13_39
E_13_37,E_14_37
E_13_37,E_15_37
E_13_38,E_13_39
E_13_38,E_13_40
E_13_38,E_14_38
E_13_38,E_15_38
E_13_39,E_13_40
E_13_39,E_13_41
E_13_39,E_14_39
E_13_39,E_15_39
E_13_40,E_13_41
E_13_40,E_13_42
E_13_40,E_14_40
E_13_40,E_15_40
E_13_41,E_13_42
E_13_41,E_13_43
E_13_41,E_14_41
E_13_41,E_15_41
E_13_42,E_13_43
E_13_42,E_13_44
E_13_42,E_14_42
E_13_42,E_15_42
E_13_43,E_13_44
E_13_43,E_13_45
E_13_43,E_14_43
E_13_43,E_15_43
E_13_44,E_13_45
E_13_44,E_13_46
E_13_44,E_14_44
E_13_44,E_15_44
E_13_45,E_13_46
E_13_45,E_13_47
E_13_45,E_14_45
E_13_45,E_15_45
E_13_46,E_13_47
E_13_46,E_13_48
E_13_46,E_14_46
E_13_46,E_15_46
E_13_47,E_13_48
E_13_47,E_13_49
E_13_47,E_14_47
E_13_47,E_15_47
E_13_48,E_13_49
E_13_48,E_14_48
E_13_48,E_15_48
E_13_49,E_14_49
E_13_49,E_15_49
E_14_00,E_14_01
E_14_00,E_14_02
E_14_00,E_15_00
E_14_00,E_16_00
E_14_01,E_14_02
E_14_01,E_14_03
E_14_01,E_15_01
E_14_01,E_16_01
E_14_02,E_14_03
E_14_02,E_14_04
E_14_02,E_15_02
E_14_02,E_16_02
E_14_03,E_14_04
E_14_03,E_14_05
E_14_03,E_15_03
E_14_03,E_16_03
E_14_04,E_14_05
E_14_04,E_14_06
E_14_04,E_15_04
E_14_04,E_16_04
E_14_05,E_14_06
E_14_05,E_14_07
E_14_05,E_15_05
E_14_05,E_16_05
E_14_06,E_14_07
E_14_06,E_14_08
E_14_06,E_15_06
E_14_06,E_16_06
E_14_07,E_14_08
E_14_07,E_14_09
E_14_07,E_15_07
E_14_07,E_16_07
E_14_08,E_14_09
E_14_08,E_14_10
E_14_08,E_15_08
E_14_08,E_16_08
E_14_09,E_14_10
E_14_09,E_14_11
E_14_09,E_15_09
E_14_09,E_16_09
E_14_10,E_14_11
E_14_10,E_14_12
E_14_10,E_15_10
E_14_10,E_16_10
E_14_11,E_14_12
E_14_11,E_14_13
E_14_11,E_15_11
E_14_11,E_16_11
E_14_12,E_14_13
E_14_12,E_14_14
E_14_12,E_15_12
E_14_12,E_16_12
E_14_13,E_14_14
E_14_13,E_14_15
E_14_13,E_15_13
E_14_13,E_16_13
E_14_14,E_14_15
E_14_14,E_14_16
E_14_14,E_15_14
E_14_14,E_16_14
E_14_15,E_14_16
E_14_15,E_14_17
E_14_15,E_15_15
E_14_15,E_16_15
E_14_16,E_14_17
E_14_16,E_14_18
E_14_16,E_15_16
E_14_16,E_16_16
E_14_17,E_14_18
E_14_17,E_14_19
E_14_17,E_15_17
E_14_17,E_16_17
E_14_18,E_14_19
E_14_18,E_14_20
E_14_18,E_15_18
E_14_18,E_16_18
E_14_19,E_14_20
E_14_19,E_14_21
E_14_19,E_15_19
E_14_19,E_16_19
E_14_20,E_14_21
E_14_20,E_14_22
E_14_20,E_15_20
E_14_20,E_16_20
E_14_21,E_14_22
E_14_21,E_14_23
E_14_21,E_15_21
E_14_21,E_16_21
E_14_22,E_14_23
E_14_22,E_14_24
E_14_22,E_15_22
E_14_22,E_16_22
E_14_23,E_14_24
E_14_23,E_14_25
E_14_23,E_15_23
E_14_23,E_16_23
E_14_24,E_14_25
E_14_24,E_14_26
E_14_24,E_15_24
E_14_24,E_16_24
E_14_25,E_14_26
E_14_25,E_14_27
E_14_25,E_15_25
E_14_25,E_16_25
E_14_26,E_14_27
E_14_26,E_14_28
E_14_26,E_15_26
E_14_26,E_16_26
E_14_27,E_14_28
E_14_27,E_14_29
E_14_27,E_15_27
E_14_27,E_16_27
E_14_28,E_14_29
E_14_28,E_14_30
E_14_28,E_15_28
E_14_28,E_16_28
E_14_29,E_14_30
E_14_29,E_14_31
E_14_29,E_15_29
E_14_29,E_16_29
E_14_30,E_14_31
E_14_30,E_14_32
E_14_30,E_15_30
E_14_30,E_16_30
E_14_31,E_14_32
E_14_31,E_14_33
E_14_31,E_15_31
E_14_31,E_16_31
E_14_32,E_14_33
E_14_32,E_14_34
E_14_32,E_15_32
E_14_32,E_16_32
E_14_33,E_14_34
E_14_33,E_14_35
E_14_33,E_15_33
E_14_33,E_16_33
E_14_34,E_14_35
E_14_34,E_14_36
E_14_34,E_15_34
E_14_34,E_16_34
E_14_35,E_14_36
E_14_35,E_14_37
E_14_35,E_15_35
E_14_35,E_16_35
E_14_36,E_14_37
E_14_36,E_14_38
E_14_36,E_15_36
E_14_36,E_16_36
E_14_37,E_14_38
E_14_37,E_14_39
E_14_37,E_15_37
E_14_37,E_16_37
E_14_38,E_14_39
E_14_38,E_14_40
E_14_38,E_15_38
E_14_38,E_16_38
E_14_39,E_14_40
E_14_39,E_14_41
E_14_39,E_15_39
E_14_39,E_16_39
E_14_40,E_14_41
E_14_40,E_14_42
E_14_40,E_15_40
E_14_40,E_16_40
E_14_41,E_14_42
E_14_41,E_14_43
E_14_41,E_15_41
E_14_41,E_16_41
E_14_42,E_14_43
E_14_42,E_14_44
E_14_42,E_15_42
E_14_42,E_16_42
E_14_43,E_14_44
E_14_43,E_14_45
E_14_43,E_15_43
E_14_43,E_16_43
E_14_44,E_14_45
E_14_44,E_14_46
E_14_44,E_15_44
E_14_44,E_16_44
E_14_45,E_14_46
E_14_45,E_14_47
E_14_45,E_15_45
E_14_45,E_16_45
E_14_46,E_14_47
E_14_46,E_14_48
E_14_46,E_15_46
E_14_46,E_16_46
E_14_47,E_14_48
E_14_47,E_14_49
E_14_47,E_15_47
E_14_47,E_16_47
E_14_48,E_14_49
E_14_48,E_15_48
E_14_48,E_16_48
E_14_49,E_15_49
E_14_49,E_16_49
E_15_00,E_15_01
E_15_00,E_15_02
E_15_00,E_16_00
E_15_00,E_16_01
E_15_00,E_17_00
E_15_01,E_15_02
E_15_01,E_15_03
E_15_01,E_16_01
E_15_01,E_17_01
E_15_02,E_15_03
E_15_02,E_15_04
E_15_02,E_16_02
E_15_02,E_17_02
E_15_03,E_15_04
E_15_03,E_15_05
E_15_03,E_16_03
E_15_03,E_16_04
E_15_03,E_17_03
E_15_04,E_15_05
E_15_04,E_15_06
E_15_04,E_16_04
E_15_04,E_17_04
E_15_05,E_15_06
E_15_05,E_15_07
E_15_05,E_16_05
E_15_05,E_17_05
E_15_06,E_15_07
E_15_06,E_15_08
E_15_06,E_16_06
E_15_06,E_16_07
E_15_06,E_17_06
E_15_07,E_15_08
E_15_07,E_15_09
E_15_07,E_16_07
E_15_07,E_17_07
E_15_08,E_15_09
E_15_08,E_15_10
E_15_08,E_16_08
E_15_08,E_17_08
E_15_09,E_15_10
E_15_09,E_15_11
E_15_09,E_16_09
E_15_09,E_16_10
E_15_09,E_17_09
E_15_10,E_15_11
E_15_10,E_15_12
E_15_10,E_16_10
E_15_10,E_17_10
E_15_11,E_15_12
E_15_11,E_15_13
E_15_11,E_16_11
E_15_11,E_17_11
E_15_12,E_15_13
E_15_12,E_15_14
E_15_12,E_16_12
E_15_12,E_16_13
E_15_12,E_17_12
E_15_13,E_15_14
E_15_13,E_15_15
E_15_13,E_16_13
E_15_13,E_17_13
E_15_14,E_15_15
E_15_14,E_15_16
E_15_14,E_16_14
E_15_14,E_17_14
E_15_15,E_15_16
E_15_15,E_15_17
E_15_15,E_16_15
E_15_15,E_16_16
E_15_15,E_17_15
E_15_16,E_15_17
E_15_16,E_15_18
E_15_16,E_16_16
E_15_16,E_17_16
E_15_17,E_15_18
E_15_17,E_15_19
E_15_17,E_16_17
E_15_17,E_17_17
E_15_18,E_15_19
E_15_18,E_15_20
E_15_18,E_16_18
E_15_18,E_16_19
E_15_18,E_17_18
E_15_19,E_15_20
E_15_19,E_15_21
E_15_19,E_16_19
E_15_19,E_17_19
E_15_20,E_15_21
E_15_20,E_15_22
E_15_20,E_16_20
E_15_20,E_17_20
E_15_21,E_15_22
E_15_21,E_15_23
E_15_21,E_16_21
E_15_21,E_16_22
E_15_21,E_17_21
E_15_22,E_15_23
E_15_22,E_15_24
E_15_22,E_16_22
E_15_22,E_17_22
E_15_23,E_15_24
E_15_23,E_15_25
E_15_23,E_16_23
E_15_23,E_17_23
E_15_24,E_15_25
E_15_24,E_15_26
E_15_24,E_16_24
E_15_24,E_16_25
E_15_24,E_17_24
E_15_25,E_15_26
E_15_25,E_15_27
E_15_25,E_16_25
E_15_25,E_17_25
E_15_26,E_15_27
E_15_26,E_15_28
E_15_26,E_16_26
E_15_26,E_17_26
E_15_27,E_15_28
E_15_27,E_15_29
E_15_27,E_16_27
E_15_27,E_16_28
E_15_27,E_17_27
E_15_28,E_15_29
E_15_28,E_15_30
E_15_28,E_16_28
E_15_28,E_17_28
E_15_29,E_15_30
E_15_29,E_15_31
E_15_29,E_16_29
E_15_29,E_17_29
E_15_30,E_15_31
E_15_30,E_15_32
E_15_30,E_16_30
E_15_30,E_16_31
E_15_30,E_17_30
E_15_31,E_15_32
E_15_31,E_15_33
E_15_31,E_16_31
E_15_31,E_17_31
E_15_32,E_15_33
E_15_32,E_15_34
E_15_32,E_16_32
E_15_32,E_17_32
E_15_33,E_15_34
E_15_33,E_15_35
E_15_33,E_16_33
E_15_33,E_16_34
E_15_33,E_17_33
E_15_34,E_15_35
E_15_34,E_15_36
E_15_34,E_16_34
E_15_34,E_17_34
E_15_35,E_15_36
E_15_35,E_15_37
E_15_35,E_16_35
E_15_35,E_17_35
E_15_36,E_15_37
E_15_36,E_15_38
E_15_36,E_16_36
E_15_36,E_16_37
E_15_36,E_17_36
E_15_37,E_15_38
E_15_37,E_15_39
E_15_37,E_16_37
E_15_37,E_17_37
E_15_38,E_15_39
E_15_38,E_15_40
E_15_38,E_16_38
E_15_38,E_17_38
E_15_39,E_15_40
E_15_39,E_15_41
E_15_39,E_16_39
E_15_39,E_16_40
E_15_39,E_17_39
E_15_40,E_15_41
E_15_40,E_15_42
E_15_40,E_16_40
E_15_40,E_17_40
E_15_41,E_15_42
E_15_41,E_15_43
E_15_41,E_16_41
E_15_41,E_17_41
E_15_42,E_15_43
E_15_42,E_15_44
E_15_42,E_16_42
E_15_42,E_16_43
E_15_42,E_17_42
E_15_43,E_15_44
E_15_43,E_15_45
E_15_43,E_16_43
E_15_43,E_17_43
E_15_44,E_15_45
E_15_44,E_15_46
E_15_44,E_16_44
E_15_44,E_17_44
E_15_45,E_15_46
E_15_45,E_15_47
E_15_45,E_16_45
E_15_45,E_16_46
E_15_45,E_17_45
E_15_46,E_15_47
E_15_46,E_15_48
E_15_46,E_16_46
E_15_46,E_17_46
E_15_47,E_15_48
E_15_47,E_15_49
E_15_47,E_16_47
E_15_47,E_17_47
E_15_48,E_15_49
E_15_48,E_16_48
E_15_48,E_16_49
E_15_48,E_17_48
E_15_49,E_16_49
E_15_49,E_17_49
E_16_00,E_16_01
E_16_00,E_16_02
E_16_00,E_17_00
E_16_00,E_18_00
E_16_01,E_16_02
E_16_01,E_16_03
E_16_01,E_17_01
E_16_01,E_18_01
E_16_02,E_16_03
E_16_02,E_16_04
E_16_02,E_17_02
E_16_02,E_18_02
E_16_03,E_16_04
E_16_03,E_16_05
E_16_03,E_17_03
E_16_03,E_18_03
E_16_04,E_16_05
E_16_04,E_16_06
E_16_04,E_17_04
E_16_04,E_18_04
E_16_05,E_16_06
E_16_05,E_16_07
E_16_05,E_17_05
E_16_05,E_18_05
E_16_06,E_16_07
E_16_06,E_16_08
E_16_06,E_17_06
E_16_06,E_18_06
E_16_07,E_16_08
E_16_07,E_16_09
E_16_07,E_17_07
E_16_07,E_18_07
E_16_08,E_16_09
E_16_08,E_16_10
E_16_08,E_17_08
E_16_08,E_18_08
E_16_09,E_16_10
E_16_09,E_16_11
E_16_09,E_17_09
E_16_09,E_18_09
E_16_10,E_16_11
E_16_10,E_16_12
E_16_10,E_17_10
E_16_10,E_18_10
E_16_11,E_16_12
E_16_11,E_16_13
E_16_11,E_17_11
E_16_11,E_18_11
E_16_12,E_16_13
E_16_12,E_16_14
E_16_12,E_17_12
E_16_12,E_18_12
E_16_13,E_16_14
E_16_13,E_16_15
E_16_13,E_17_13
E_16_13,E_18_13
E_16_14,E_16_15
E_16_14,E_16_16
E_16_14,E_17_14
E_16_14,E_18_14
E_16_15,E_16_16
E_16_15,E_16_17
E_16_15,E_17_15
E_16_15,E_18_15
E_16_16,E_16_17
E_16_16,E_16_18
E_16_16,E_17_16
E_16_16,E_18_16
E_16_17,E_16_18
E_16_17,E_16_19
E_16_17,E_17_17
E_16_17,E_18_17
E_16_18,E_16_19
E_16_18,E_16_20
E_16_18,E_17_18
E_16_18,E_18_18
E_16_19,E_16_20
E_16_19,E_16_21
E_16_19,E_17_19
E_16_19,E_18_19
E_16_20,E_16_21
E_16_20,E_16_22
E_16_20,E_17_20
E_16_20,E_18_20
E_16_21,E_16_22
E_16_21,E_16_23
E_16_21,E_17_21
E_16_21,E_18_21
E_16_22,E_16_23
E_16_22,E_16_24
E_16_22,E_17_22
E_16_22,E_18_22
E_16_23,E_16_24
E_16_23,E_16_25
E_16_23,E_17_23
E_16_23,E_18_23
E_16_24,E_16_25
E_16_24,E_16_26
E_16_24,E_17_24
E_16_24,E_18_24
E_16_25,E_16_26
E_16_25,E_16_27
E_16_25,E_17_25
E_16_25,E_18_25
E_16_26,E_16_27
E_16_26,E_16_28
E_16_26,E_17_26
E_16_26,E_18_26
E_16_27,E_16_28
E_16_27,E_16_29
E_16_27,E_17_27
E_16_27,E_18_27
E_16_28,E_16_29
E_16_28,E_16_30
E_16_28,E_17_28
E_16_28,E_18_28
E_16_29,E_16_30
E_16_29,E_16_31
E_16_29,E_17_29
E_16_29,E_18_29
E_16_30,E_16_31
E_16_30,E_16_32
E_16_30,E_17_30
E_16_30,E_18_30
E_16_31,E_16_32
E_16_31,E_16_33
E_16_31,E_17_31
E_16_31,E_18_31
E_16_32,E_16_33
E_16_32,E_16_34
E_16_32,E_17_32
E_16_32,E_18_32
E_16_33,E_16_34
E_16_33,E_16_35
E_16_33,E_17_33
E_16_33,E_18_33
E_16_34,E_16_35
E_16_34,E_16_36
E_16_34,E_17_34
E_16_34,E_18_34
E_16_35,E_16_36
E_16_35,E_16_37
E_16_35,E_17_35
E_16_35,E_18_35
E_16_36,E_16_37
E_16_36,E_16_38
E_16_36,E_17_36
E_16_36,E_18_36
E_16_37,E_16_38
E_16_37,E_16_39
E_16_37,E_17_37
E_16_37,E_18_37
E_16_38,E_16_39
E_16_38,E_16_40
E_16_38,E_17_38
E_16_38,E_18_38
E_16_39,E_16_40
E_16_39,E_16_41
E_16_39,E_17_39
E_16_39,E_18_39
E_16_40,E_16_41
E_16_40,E_16_42
E_16_40,E_17_40
E_16_40,E_18_40
E_16_41,E_16_42
E_16_41,E_16_43
E_16_41,E_17_41
E_16_41,E_18_41
E_16_42,E_16_43
E_16_42,E_16_44
E_16_42,E_17_42
E_16_42,E_18_42
E_16_43,E_16_44
E_16_43,E_16_45
E_16_43,E_17_43
E_16_43,E_18_43
E_16_44,E_16_45
E_16_44,E_16_46
E_16_44,E_17_44
E_16_44,E_18_44
E_16_45,E_16_46
E_16_45,E_16_47
E_16_45,E_17_45
E_16_45,E_18_45
E_16_46,E_16_47
E_16_46,E_16_48
E_16_46,E_17_46
E_16_46,E_18_46
E_16_47,E_16_48
E_16_47,E_16_49
E_16_47,E_17_47
E_16_47,E_18_47
E_16_48,E_16_49
E_16_48,E_17_48
E_16_48,E_18_48
E_16_49,E_17_49
E_16_49,E_18_49
E_17_00,E_17_01
E_17_00,E_17_02
E_17_00,E_18_00
E_17_00,E_19_00
E_17_01,E_17_02
E_17_01,E_17_03
E_17_01,E_18_01
E_17_01,E_19_01
E_17_02,E_17_03
E_17_02,E_17_04
E_17_02,E_18_02
E_17_02,E_19_02
E_17_03,E_17_04
E_17_03,E_17_05
E_17_03,E_18_03
E_17_03,E_19_03
E_17_04,E_17_05
E_17_04,E_17_06
E_17_04,E_18_04
E_17_04,E_19_04
E_17_05,E_17_06
E_17_05,E_17_07
E_17_05,E_18_05
E_17_05,E_19_05
E_17_06,E_17_07
E_17_06,E_17_08
E_17_06,E_18_06
E_17_06,E_19_06
E_17_07,E_17_08
E_17_07,E_17_09
E_17_07,E_18_07
E_17_07,E_19_07
E_17_08,E_17_09
E_17_08,E_17_10
E_17_08,E_18_08
E_17_08,E_19_08
E_17_09,E_17_10
E_17_09,E_17_11
E_17_09,E_18_09
E_17_09,E_19_09
E_17_10,E_17_11
E_17_10,E_17_12
E_17_10,E_18_10
E_17_10,E_19_10
E_17_11,E_17_12
E_17_11,E_17_13
E_17_11,E_18_11
E_17_11,E_19_11
E_17_12,E_17_13
E_17_12,E_17_14
E_17_12,E_18_12
E_17_12,E_19_12
E_17_13,E_17_14
E_17_13,E_17_15
E_17_13,E_18_13
E_17_13,E_19_13
E_17_14,E_17_15
E_17_14,E_17_16
E_17_14,E_18_14
E_17_14,E_19_14
E_17_15,E_17_16
E_17_15,E_17_17
E_17_15,E_18_15
E_17_15,E_19_15
E_17_16,E_17_17
E_17_16,E_17_18
E_17_16,E_18_16
E_17_16,E_19_16
E_17_17,E_17_18
E_17_17,E_17_19
E_17_17,E_18_17
E_17_17,E_19_17
E_17_18,E_17_19
E_17_18,E_17_20
E_17_18,E_18_18
E_17_18,E_19_18
E_17_19,E_17_20
E_17_19,E_17_21
E_17_19,E_18_19
E_17_19,E_19_19
E_17_20,E_17_21
E_17_20,E_17_22
E_17_20,E_18_20
E_17_20,E_19_20
E_17_21,E_17_22
E_17_21,E_17_23
E_17_21,E_18_21
E_17_21,E_19_21
E_17_22,E_17_23
E_17_22,E_17_24
E_17_22,E_18_22
E_17_22,E_19_22
E_17_23,E_17_24
E_17_23,E_17_25
E_17_23,E_18_23
E_17_23,E_19_23
E_17_24,E_17_25
E_17_24,E_17_26
E_17_24,E_18_24
E_17_24,E_19_24
E_17_25,E_17_26
E_17_25,E_17_27
E_17_25,E_18_25
E_17_25,E_19_25
E_17_26,E_17_27
E_17_26,E_17_28
E_17_26,E_18_26
E_17_26,E_19_26
E_17_27,E_17_28
E_17_27,E_17_29
E_17_27,E_18_27
E_17_27,E_19_27
E_17_28,E_17_29
E_17_28,E_17_30
E_17_28,E_18_28
E_17_28,E_19_28
E_17_29,E_17_30
E_17_29,E_17_31
E_17_29,E_18_29
E_17_29,E_19_29
E_17_30,E_17_31
E_17_30,E_17_32
E_17_30,E_18_30
E_17_30,E_19_30
E_17_31,E_17_32
E_17_31,E_17_33
E_17_31,E_18_31
E_17_31,E_19_31
E_17_32,E_17_33
E_17_32,E_17_34
E_17_32,E_18_32
E_17_32,E_19_32
E_17_33,E_17_34
E_17_33,E_17_35
E_17_33,E_18_33
E_17_33,E_19_33
E_17_34,E_17_35
E_17_34,E_17_36
E_17_34,E_18_34
E_17_34,E_19_34
E_17_35,E_17_36
E_17_35,E_17_37
E_17_35,E_18_35
E_17_35,E_19_35
E_17_36,E_17_37
E_17_36,E_17_38
E_17_36,E_18_36
E_17_36,E_19_36
E_17_37,E_17_38
E_17_37,E_17_39
E_17_37,E_18_37
E_17_37,E_19_37
E_17_38,E_17_39
E_17_38,E_17_40
E_17_38,E_18_38
E_17_38,E_19_38
E_17_39,E_17_40
E_17_39,E_17_41
E_17_39,E_18_39
E_17_39,E_19_39
E_17_40,E_17_41
E_17_40,E_17_42
E_17_40,E_18_40
E_17_40,E_19_40
E_17_41,E_17_42
E_17_41,E_17_43
E_17_41,E_18_41
E_17_41,E_19_41
E_17_42,E_17_43
E_17_42,E_17_44
E_17_42,E_18_42
E_17_42,E_19_42
E_17_43,E_17_44
E_17_43,E_17_45
E_17_43,E_18_43
E_17_43,E_19_43
E_17_44,E_17_45
E_17_44,E_17_46
E_17_44,E_18_44
E_17_44,E_19_44
E_17_45,E_17_46
E_17_45,E_17_47
E_17_45,E_18_45
E_17_45,E_19_45
E_17_46,E_17_47
E_17_46,E_17_48
E_17_46,E_18_46
E_17_46,E_19_46
E_17_47,E_17_48
E_17_47,E_17_49
E_17_47,E_18_47
E_17_47,E_19_47
E_17_48,E_17_49
E_17_48,E_18_48
E_17_48,E_19_48
E_17_49,E_18_49
E_17_49,E_19_49
E_18_00,E_18_01
E_18_00,E_18_02
E_18_00,E_19_00
E_18_00,E_19_01
E_18_00,E_20_00
E_18_01,E_18_02
E_18_01,E_18_03
E_18_01,E_19_01
E_18_01,E_20_01
E_18_02,E_18_03
E_18_02,E_18_04
E_18_02,E_19_02
E_18_02,E_20_02
E_18_03,E_18_04
E_18_03,E_18_05
E_18_03,E_19_03
E_18_03,E_19_04
E_18_03,E_20_03
E_18_04,E_18_05
E_18_04,E_18_06
E_18_04,E_19_04
E_18_04,E_20_04
E_18_05,E_18_06
E_18_05,E_18_07
E_18_05,E_19_05
E_18_05,E_20_05
E_18_06,E_18_07
E_18_06,E_18_08
E_18_06,E_19_06
E_18_06,E_19_07
E_18_06,E_20_06
E_18_07,E_18_08
E_18_07,E_18_09
E_18_07,E_19_07
E_18_07,E_20_07
E_18_08,E_18_09
E_18_08,E_18_10
E_18_08,E_19_08
E_18_08,E_20_08
E_18_09,E_18_10
E_18_09,E_18_11
E_18_09,E_19_09
E_18_09,E_19_10
E_18_09,E_20_09
E_18_10,E_18_11
E_18_10,E_18_12
E_18_10,E_19_10
E_18_10,E_20_10
E_18_11,E_18_12
E_18_11,E_18_13
E_18_11,E_19_11
E_18_11,E_20_11
E_18_12,E_18_13
E_18_12,E_18_14
E_18_12,E_19_12
E_18_12,E_19_13
E_18_12,E_20_12
E_18_13,E_18_14
E_18_13,E_18_15
E_18_13,E_19_13
E_18_13,E_20_13
E_18_14,E_18_15
E_18_14,E_18_16
E_18_14,E_19_14
E_18_14,E_20_14
E_18_15,E_18_16
E_18_15,E_18_17
E_18_15,E_19_15
E_18_15,E_19_16
E_18_15,E_20_15
E_18_16,E_18_17
E_18_16,E_18_18
E_18_16,E_19_16
E_18_16,E_20_16
E_18_17,E_18_18
E_18_17,E_18_19
E_18_17,E_19_17
E_18_17,E_20_17
E_18_18,E_18_19
E_18_18,E_18_20
E_18_18,E_19_18
E_18_18,E_19_19
E_18_18,E_20_18
E_18_19,E_18_20
E_18_19,E_18_21
E_18_19,E_19_19
E_18_19,E_20_19
E_18_20,E_18_21
E_18_20,E_18_22
E_18_20,E_19_20
E_18_20,E_20_20
E_18_21,E_18_22
E_18_21,E_18_23
E_18_21,E_19_21
E_18_21,E_19_22
E_18_21,E_20_21
E_18_22,E_18_23
E_18_22,E_18_24
E_18_22,E_19_22
E_18_22,E_20_22
E_18_23,E_18_24
E_18_23,E_18_25
E_18_23,E_19_23
E_18_23,E_20_23
E_18_24,E_18_25
E_18_24,E_18_26
E_18_24,E_19_24
E_18_24,E_19_25
E_18_24,E_20_24
E_18_25,E_18_26
E_18_25,E_18_27
E_18_25,E_19_25
E_18_25,E_20_25
E_18_26,E_18_27
E_18_26,E_18_28
E_18_26,E_19_26
E_18_26,E_20_26
E_18_27,E_18_28
E_18_27,E_18_29
E_18_27,E_19_27
E_18_27,E_19_28
E_18_27,E_20_27
E_18_28,E_18_29
E_18_28,E_18_30
E_18_28,E_19_28
E_18_28,E_20_28
E_18_29,E_18_30
E_18_29,E_18_31
E_18_29,E_19_29
E_18_29,E_20_29
E_18_30,E_18_31
E_18_30,E_18_32
E_18_30,E_19_30
E_18_30,E_19_31
E_18_30,E_20_30
E_18_31,E_18_32
E_18_31,E_18_33
E_18_31,E_19_31
E_18_31,E_20_31
E_18_32,E_18_33
E_18_32,E_18_34
E_18_32,E_19_32
E_18_32,E_20_32
E_18_33,E_18_34
E_18_33,E_18_35
E_18_33,E_19_33
E_18_33,E_19_34
E_18_33,E_20_33
E_18_34,E_18_35
E_18_34,E_18_36
E_18_34,E_19_34
E_18_34,E_20_34
E_18_35,E_18_36
E_18_35,E_18_37
E_18_35,E_19_35
E_18_35,E_20_35
E_18_36,E_18_37
E_18_36,E_18_38
E_18_36,E_19_36
E_18_36,E_19_37
E_18_36,E_20_36
E_18_37,E_18_38
E_18_37,E_18_39
E_18_37,E_19_37
E_18_37,E_20_37
E_18_38,E_18_39
E_18_38,E_18_40
E_18_38,E_19_38
E_18_38,E_20_38
E_18_39,E_18_40
E_18_39,E_18_41
E_18_39,E_19_39
E_18_39,E_19_40
E_18_39,E_20_39
E_18_40,E_18_41
E_18_40,E_18_42
E_18_40,E_19_40
E_18_40,E_20_40
E_18_41,E_18_42
E_18_41,E_18_43
E_18_41,E_19_41
E_18_41,E_20_41
E_18_42,E_18_43
E_18_42,E_18_44
E_18_42,E_19_42
E_18_42,E_19_43
E_18_42,E_20_42
E_18_43,E_18_44
E_18_43,E_18_45
E_18_43,E_19_43
E_18_43,E_20_43
E_18_44,E_18_45
E_18_44,E_18_46
E_18_44,E_19_44
E_18_44,E_20_44
E_18_45,E_18_46
E_18_45,E_18_47
E_18_45,E_19_45
E_18_45,E_19_46
E_18_45,E_20_45
E_18_46,E_18_47
E_18_46,E_18_48
E_18_46,E_19_46
E_18_46,E_20_46
E_18_47,E_18_48
E_18_47,E_18_49
E_18_47,E_19_47
E_18_47,E_20_47
E_18_48,E_18_49
E_18_48,E_19_48
E_18_48,E_19_49
E_18_48,E_20_48
E_18_49,E_19_49
E_18_49,E_20_49
E_19_00,E_19_01
E_19_00,E_19_02
E_19_00,E_20_00
E_19_00,E_21_00
E_19_01,E_19_02
E_19_01,E_19_03
E_19_01,E_20_01
E_19_01,E_21_01
E_19_02,E_19_03
E_19_02,E_19_04
E_19_02,E_20_02
E_19_02,E_21_02
E_19_03,E_19_04
E_19_03,E_19_05
E_19_03,E_20_03
E_19_03,E_21_03
E_19_04,E_19_05
E_19_04,E_19_06
E_19_04,E_20_04
E_19_04,E_21_04
E_19_05,E_19_06
E_19_05,E_19_07
E_19_05,E_20_05
E_19_05,E_21_05
E_19_06,E_19_07
E_19_06,E_19_08
E_19_06,E_20_06
E_19_06,E_21_06
E_19_07,E_19_08
E_19_07,E_19_09
E_19_07,E_20_07
E_19_07,E_21_07
E_19_08,E_19_09
E_19_08,E_19_10
E_19_08,E_20_08
E_19_08,E_21_08
E_19_09,E_19_10
E_19_09,E_19_11
E_19_09,E_20_09
E_19_09,E_21_09
E_19_10,E_19_11
E_19_10,E_19_12
E_19_10,E_20_10
E_19_10,E_21_10
E_19_11,E_19_12
E_19_11,E_19_13
E_19_11,E_20_11
E_19_11,E_21_11
E_19_12,E_19_13
E_19_12,E_19_14
E_19_12,E_20_12
E_19_12,E_21_12
E_19_13,E_19_14
E_19_13,E_19_15
E_19_13,E_20_13
E_19_13,E_21_13
E_19_14,E_19_15
E_19_14,E_19_16
E_19_14,E_20_14
E_19_14,E_21_14
E_19_15,E_19_16
E_19_15,E_19_17
E_19_15,E_20_15
E_19_15,E_21_15
E_19_16,E_19_17
E_19_16,E_19_18
E_19_16,E_20_16
E_19_16,E_21_16
E_19_17,E_19_18
E_19_17,E_19_19
E_19_17,E_20_17
E_19_17,E_21_17
E_19_18,E_19_19
E_19_18,E_19_20
E_19_18,E_20_18
E_19_18,E_21_18
E_19_19,E_19_20
E_19_19,E_19_21
E_19_19,E_20_19
E_19_19,E_21_19
E_19_20,E_19_21
E_19_20,E_19_22
E_19_20,E_20_20
E_19_20,E_21_20
E_19_21,E_19_22
E_19_21,E_19_23
E_19_21,E_20_21
E_19_21,E_21_21
E_19_22,E_19_23
E_19_22,E_19_24
E_19_22,E_20_22
E_19_22,E_21_22
E_19_23,E_19_24
E_19_23,E_19_25
E_19_23,E_20_23
E_19_23,E_21_23
E_19_24,E_19_25
E_19_24,E_19_26
E_19_24,E_20_24
E_19_24,E_21_24
E_19_25,E_19_26
E_19_25,E_19_27
E_19_25,E_20_25
E_19_25,E_21_25
E_19_26,E_19_27
E_19_26,E_19_28
E_19_26,E_20_26
E_19_26,E_21_26
E_19_27,E_19_28
E_19_27,E_19_29
E_19_27,E_20_27
E_19_27,E_21_27
E_19_28,E_19_29
E_19_28,E_19_30
E_19_28,E_20_28
E_19_28,E_21_28
E_19_29,E_19_30
E_19_29,E_19_31
E_19_29,E_20_29
E_19_29,E_21_29
E_19_30,E_19_31
E_19_30,E_19_32
E_19_30,E_20_30
E_19_30,E_21_30
E_19_31,E_19_32
E_19_31,E_19_33
E_19_31,E_20_31
E_19_31,E_21_31
E_19_32,E_19_33
E_19_32,E_19_34
E_19_32,E_20_32
E_19_32,E_21_32
E_19_33,E_19_34
E_19_33,E_19_35
E_19_33,E_20_33
E_19_33,E_21_33
E_19_34,E_19_35
E_19_34,E_19_36
E_19_34,E_20_34
E_19_34,E_21_34
E_19_35,E_19_36
E_19_35,E_19_37
E_19_35,E_20_35
E_19_35,E_21_35
E_19_36,E_19_37
E_19_36,E_19_38
E_19_36,E_20_36
E_19_36,E_21_36
E_19_37,E_19_38
E_19_37,E_19_39
E_19_37,E_20_37
E_19_37,E_21_37
E_19_38,E_19_39
E_19_38,E_19_40
E_19_38,E_20_38
E_19_38,E_21_38
E_19_39,E_19_40
E_19_39,E_19_41
E_19_39,E_20_39
E_19_39,E_21_39
E_19_40,E_19_41
E_19_40,E_19_42
E_19_40,E_20_40
E_19_40,E_21_40
E_19_41,E_19_42
E_19_41,E_19_43
E_19_41,E_20_41
E_19_41,E_21_41
E_19_42,E_19_43
E_19_42,E_19_44
E_19_42,E_20_42
E_19_42,E_21_42
E_19_43,E_19_44
E_19_43,E_19_45
E_19_43,E_20_43
E_19_43,E_21_43
E_19_44,E_19_45
E_19_44,E_19_46
E_19_44,E_20_44
E_19_44,E_21_44
E_19_45,E_19_46
E_19_45,E_19_47
E_19_45,E_20_45
E_19_45,E_21_45
E_19_46,E_19_47
E_19_46,E_19_48
E_19_46,E_20_46
E_19_46,E_21_46
E_19_47,E_19_48
E_19_47,E_19_49
E_19_47,E_20_47
E_19_47,E_21_47
E_19_48,E_19_49
E_19_48,E_20_48
E_19_48,E_21_48
E_19_49,E_20_49
E_19_49,E_21_49
E_20_00,E_20_01
E_20_00,E_20_02
E_20_00,E_21_00
E_20_00,E_22_00
E_20_01,E_20_02
E_20_01,E_20_03
E_20_01,E_21_01
E_20_01,E_22_01
E_20_02,E_20_03
E_20_02,E_20_04
E_20_02,E_21_02
E_20_02,E_22_02
E_20_03,E_20_04
E_20_03,E_20_05
E_20_03,E_21_03
E_20_03,E_22_03
E_20_04,E_20_05
E_20_04,E_20_06
E_20_04,E_21_04
E_20_04,E_22_04
E_20_05,E_20_06
E_20_05,E_20_07
E_20_05,E_21_05
E_20_05,E_22_05
E_20_06,E_20_07
E_20_06,E_20_08
E_20_06,E_21_06
E_20_06,E_22_06
E_20_07,E_20_08
E_20_07,E_20_09
E_20_07,E_21_07
E_20_07,E_22_07
E_20_08,E_20_09
E_20_08,E_20_10
E_20_08,E_21_08
E_20_08,E_22_08
E_20_09,E_20_10
E_20_09,E_20_11
E_20_09,E_21_09
E_20_09,E_22_09
E_20_10,E_20_11
E_20_10,E_20_12
E_20_10,E_21_10
E_20_10,E_22_10
E_20_11,E_20_12
E_20_11,E_20_13
E_20_11,E_21_11
E_20_11,E_22_11
E_20_12,E_20_13
E_20_12,E_20_14
E_20_12,E_21_12
E_20_12,E_22_12
E_20_13,E_20_14
E_20_13,E_20_15
E_20_13,E_21_13
E_20_13,E_22_13
E_20_14,E_20_15
E_20_14,E_20_16
E_20_14,E_21_14
E_20_14,E_22_14
E_20_15,E_20_16
E_20_15,E_20_17
E_20_15,E_21_15
E_20_15,E_22_15
E_20_16,E_20_17
E_20_16,E_20_18
E_20_16,E_21_16
E_20_16,E_22_16
E_20_17,E_20_18
E_20_17,E_20_19
E_20_17,E_21_17
E_20_17,E_22_17
E_20_18,E_20_19
E_20_18,E_20_20
E_20_18,E_21_18
E_20_18,E_22_18
E_20_19,E_20_20
E_20_19,E_20_21
E_20_19,E_21_19
E_20_19,E_22_19
E_20_20,E_20_21
E_20_20,E_20_22
E_20_20,E_21_20
E_20_20,E_22_20
E_20_21,E_20_22
E_20_21,E_20_23
E_20_21,E_21_21
E_20_21,E_22_21
E_20_22,E_20_23
E_20_22,E_20_24
E_20_22,E_21_22
E_20_22,E_22_22
E_20_23,E_20_24
E_20_23,E_20_25
E_20_23,E_21_23
E_20_23,E_22_23
E_20_24,E_20_25
E_20_24,E_20_26
E_20_24,E_21_24
E_20_24,E_22_24
E_20_25,E_20_26
E_20_25,E_20_27
E_20_25,E_21_25
E_20_25,E_22_25
E_20_26,E_20_27
E_20_26,E_20_28
E_20_26,E_21_26
E_20_26,E_22_26
E_20_27,E_20_28
E_20_27,E_20_29
E_20_27,E_21_27
E_20_27,E_22_27
E_20_28,E_20_29
E_20_28,E_20_30
E_20_28,E_21_28
E_20_28,E_22_28
E_20_29,E_20_30
E_20_29,E_20_31
E_20_29,E_21_29
E_20_29,E_22_29
E_20_30,E_20_31
E_20_30,E_20_32
E_20_30,E_21_30
E_20_30,E_22_30
E_20_31,E_20_32
E_20_31,E_20_33
E_20_31,E_21_31
E_20_31,E_22_31
E_20_32,E_20_33
E_20_32,E_20_34
E_20_32,E_21_32
E_20_32,E_22_32
E_20_33,E_20_34
E_20_33,E_20_35
E_20_33,E_21_33
E_20_33,E_22_33
E_20_34,E_20_35
E_20_34,E_20_36
E_20_34,E_21_34
E_20_34,E_22_34
E_20_35,E_20_36
E_20_35,E_20_37
E_20_35,E_21_35
E_20_35,E_22_35
E_20_36,E_20_37
E_20_36,E_20_38
E_20_36,E_21_36
E_20_36,E_22_36
E_20_37,E_20_38
E_20_37,E_20_39
E_20_37,E_21_37
E_20_37,E_22_37
E_20_38,E_20_39
E_20_38,E_20_40
E_20_38,E_21_38
E_20_38,E_22_38
E_20_39,E_20_40
E_20_39,E_20_41
E_20_39,E_21_39
E_20_39,E_22_39
E_20_40,E_20_41
E_20_40,E_20_42
E_20_40,E_21_40
E_20_40,E_22_40
E_20_41,E_20_42
E_20_41,E_20_43
E_20_41,E_21_41
E_20_41,E_22_41
E_20_42,E_20_43
E_20_42,E_20_44
E_20_42,E_21_42
E_20_42,E_22_42
E_20_43,E_20_44
E_20_43,E_20_45
E_20_43,E_21_43
E_20_43,E_22_43
E_20_44,E_20_45
E_20_44,E_20_46
E_20_44,E_21_44
E_20_44,E_22_44
E_20_45,E_20_46
E_20_45,E_20_47
E_20_45,E_21_45
E_20_45,E_22_45
E_20_46,E_20_47
E_20_46,E_20_48
E_20_46,E_21_46
E_20_46,E_22_46
E_20_47,E_20_48
E_20_47,E_20_49
E_20_47,E_21_47
E_20_47,E_22_47
E_20_48,E_20_49
E_20_48,E_21_48
E_20_48,E_22_48
E_20_49,E_21_49
E_20_49,E_22_49
E_21_00,E_21_01
E_21_00,E_21_02
E_21_00,E_22_00
E_21_00,E_22_01
E_21_00,E_23_00
E_21_01,E_21_02
E_21_01,E_21_03
E_21_01,E_22_01
E_21_01,E_23_01
E_21_02,E_21_03
E_21_02,E_21_04
E_21_02,E_22_02
E_21_02,E_23_02
E_21_03,E_21_04
E_21_03,E_21_05
E_21_03,E_22_03
E_21_03,E_22_04
E_21_03,E_23_03
E_21_04,E_21_05
E_21_04,E_21_06
E_21_04,E_22_04
E_21_04,E_23_04
E_21_05,E_21_06
E_21_05,E_21_07
E_21_05,E_22_05
E_21_05,E_23_05
E_21_06,E_21_07
E_21_06,E_21_08
E_21_06,E_22_06
E_21_06,E_22_07
E_21_06,E_23_06
E_21_07,E_21_08
E_21_07,E_21_09
E_21_07,E_22_07
E_21_07,E_23_07
E_21_08,E_21_09
E_21_08,E_21_10
E_21_08,E_22_08
E_21_08,E_23_08
E_21_09,E_21_10
E_21_09,E_21_11
E_21_09,E_22_09
E_21_09,E_22_10
E_21_09,E_23_09
E_21_10,E_21_11
E_21_10,E_21_12
E_21_10,E_22_10
E_21_10,E_23_10
E_21_11,E_21_12
E_21_11,E_21_13
E_21_11,E_22_11
E_21_11,E_23_11
E_21_12,E_21_13
E_21_12,E_21_14
E_21_12,E_22_12
E_21_12,E_22_13
E_21_12,E_23_12
E_21_13,E_21_14
E_21_13,E_21_15
E_21_13,E_22_13
E_21_13,E_23_13
E_21_14,E_21_15
E_21_14,E_21_16
E_21_14,E_22_14
E_21_14,E_23_14
E_21_15,E_21_16
E_21_15,E_21_17
E_21_15,E_22_15
E_21_15,E_22_16
E_21_15,E_23_15
E_21_16,E_21_17
E_21_16,E_21_18
E_21_16,E_22_16
E_21_16,E_23_16
E_21_17,E_21_18
E_21_17,E_21_19
E_21_17,E_22_17
E_21_17,E_23_17
E_21_18,E_21_19
E_21_18,E_21_20
E_21_18,E_22_18
E_21_18,E_22_19
E_21_18,E_23_18
E_21_19,E_21_20
E_21_19,E_21_21
E_21_19,E_22_19
E_21_19,E_23_19
E_21_20,E_21_21
E_21_20,E_21_22
E_21_20,E_22_20
E_21_20,E_23_20
E_21_21,E_21_22
E_21_21,E_21_23
E_21_21,E_22_21
E_21_21,E_22_22
E_21_21,E_23_21
E_21_22,E_21_23
E_21_22,E_21_24
E_21_22,E_22_22
E_21_22,E_23_22
E_21_23,E_21_24
E_21_23,E_21_25
E_21_23,E_22_23
E_21_23,E_23_23
E_21_24,E_21_25
E_21_24,E_21_26
E_21_24,E_22_24
E_21_24,E_22_25
E_21_24,E_23_24
E_21_25,E_21_26
E_21_25,E_21_27
E_21_25,E_22_25
E_21_25,E_23_25
E_21_26,E_21_27
E_21_26,E_21_28
E_21_26,E_22_26
E_21_26,E_23_26
E_21_27,E_21_28
E_21_27,E_21_29
E_21_27,E_22_27
E_21_27,E_22_28
E_21_27,E_23_27
E_21_28,E_21_29
E_21_28,E_21_30
E_21_28,E_22_28
E_21_28,E_23_28
E_21_29,E_21_30
E_21_29,E_21_31
E_21_29,E_22_29
E_21_29,E_23_29
E_21_30,E_21_31
E_21_30,E_21_32
E_21_30,E_22_30
E_21_30,E_22_31
E_21_30,E_23_30
E_21_31,E_21_32
E_21_31,E_21_33
E_21_31,E_22_31
E_21_31,E_23_31
E_21_32,E_21_33
E_21_32,E_21_34
E_21_32,E_22_32
E_21_32,E_23_32
E_21_33,E_21_34
E_21_33,E_21_35
E_21_33,E_22_33
E_21_33,E_22_34
E_21_33,E_23_33
E_21_34,E_21_35
E_21_34,E_21_36
E_21_34,E_22_34
E_21_34,E_23_34
E_21_35,E_21_36
E_21_35,E_21_37
E_21_35,E_22_35
E_21_35,E_23_35
E_21_36,E_21_37
E_21_36,E_21_38
E_21_36,E_22_36
E_21_36,E_22_37
E_21_36,E_23_36
E_21_37,E_21_38
E_21_37,E_21_39
E_21_37,E_22_37
E_21_37,E_23_37
E_21_38,E_21_39
E_21_38,E_21_40
E_21_38,E_22_38
E_21_38,E_23_38
E_21_39,E_21_40
E_21_39,E_21_41
E_21_39,E_22_39
E_21_39,E_22_40
E_21_39,E_23_39
E_21_40,E_21_41
E_21_40,E_21_42
E_21_40,E_22_40
E_21_40,E_23_40
E_21_41,E_21_42
E_21_41,E_21_43
E_21_41,E_22_41
E_21_41,E_23_41
E_21_42,E_21_43
E_21_42,E_21_44
E_21_42,E_22_42
E_21_42,E_22_43
E_21_42,E_23_42
E_21_43,E_21_44
E_21_43,E_21_45
E_21_43,E_22_43
E_21_43,E_23_43
E_21_44,E_21_45
E_21_44,E_21_46
E_21_44,E_22_44
E_21_44,E_23_44
E_21_45,E_21_46
E_21_45,E_21_47
E_21_45,E_22_45
E_21_45,E_22_46
E_21_45,E_23_45
E_21_46,E_21_47
E_21_46,E_21_48
E_21_46,E_22_46
E_21_46,E_23_46
E_21_47,E_21_48
E_21_47,E_21_49
E_21_47,E_22_47
E_21_47,E_23_47
E_21_48,E_21_49
E_21_48,E_22_48
E_21_48,E_22_49
E_21_48,E_23_48
E_21_49,E_22_49
E_21_49,E_23_49
E_22_00,E_22_01
E_22_00,E_22_02
E_22_00,E_23_00
E_22_00,E_24_00
E_22_01,E_22_02
E_22_01,E_22_03
E_22_01,E_23_01
E_22_01,E_24_01
E_22_02,E_22_03
E_22_02,E_22_04
E_22_02,E_23_02
E_22_02,E_24_02
E_22_03,E_22_04
E_22_03,E_22_05
E_22_03,E_23_03
E_22_03,E_24_03
E_22_04,E_22_05
E_22_04,E_22_06
E_22_04,E_23_04
E_22_04,E_24_04
E_22_05,E_22_06
E_22_05,E_22_07
E_22_05,E_23_05
E_22_05,E_24_05
E_22_06,E_22_07
E_22_06,E_22_08
E_22_06,E_23_06
E_22_06,E_24_06
E_22_07,E_22_08
E_22_07,E_22_09
E_22_07,E_23_07
E_22_07,E_24_07
E_22_08,E_22_09
E_22_08,E_22_10
E_22_08,E_23_08
E_22_08,E_24_08
E_22_09,E_22_10
E_22_09,E_22_11
E_22_09,E_23_09
E_22_09,E_24_09
E_22_10,E_22_11
E_22_10,E_22_12
E_22_10,E_23_10
E_22_10,E_24_10
E_22_11,E_22_12
E_22_11,E_22_13
E_22_11,E_23_11
E_22_11,E_24_11
E_22_12,E_22_13
E_22_12,E_22_14
E_22_12,E_23_12
E_22_12,E_24_12
E_22_13,E_22_14
E_22_13,E_22_15
E_22_13,E_23_13
E_22_13,E_24_13
E_22_14,E_22_15
E_22_14,E_22_16
E_22_14,E_23_14
E_22_14,E_24_14
E_22_15,E_22_16
E_22_15,E_22_17
E_22_15,E_23_15
E_22_15,E_24_15
E_22_16,E_22_17
E_22_16,E_22_18
E_22_16,E_23_16
E_22_16,E_24_16
E_22_17,E_22_18
E_22_17,E_22_19
E_22_17,E_23_17
E_22_17,E_24_17
E_22_18,E_22_19
E_22_18,E_22_20
E_22_18,E_23_18
E_22_18,E_24_18
E_22_19,E_22_20
E_22_19,E_22_21
E_22_19,E_23_19
E_22_19,E_24_19
E_22_20,E_22_21
E_22_20,E_22_22
E_22_20,E_23_20
E_22_20,E_24_20
E_22_21,E_22_22
E_22_21,E_22_23
E_22_21,E_23_21
E_22_21,E_24_21
E_22_22,E_22_23
E_22_22,E_22_24
E_22_22,E_23_22
E_22_22,E_24_22
E_22_23,E_22_24
E_22_23,E_22_25
E_22_23,E_23_23
E_22_23,E_24_23
E_22_24,E_22_25
E_22_24,E_22_26
E_22_24,E_23_24
E_22_24,E_24_24
E_22_25,E_22_26
E_22_25,E_22_27
E_22_25,E_23_25
E_22_25,E_24_25
E_22_26,E_22_27
E_22_26,E_22_28
E_22_26,E_23_26
E_22_26,E_24_26
E_22_27,E_22_28
E_22_27,E_22_29
E_22_27,E_23_27
E_22_27,E_24_27
E_22_28,E_22_29
E_22_28,E_22_30
E_22_28,E_23_28
E_22_28,E_24_28
E_22_29,E_22_30
E_22_29,E_22_31
E_22_29,E_23_29
E_22_29,E_24_29
E_22_30,E_22_31
E_22_30,E_22_32
E_22_30,E_23_30
E_22_30,E_24_30
E_22_31,E_22_32
E_22_31,E_22_33
E_22_31,E_23_31
E_22_31,E_24_31
E_22_32,E_22_33
E_22_32,E_22_34
E_22_32,E_23_32
E_22_32,E_24_32
E_22_33,E_22_34
E_22_33,E_22_35
E_22_33,E_23_33
E_22_33,E_24_33
E_22_34,E_22_35
E_22_34,E_22_36
E_22_34,E_23_34
E_22_34,E_24_34
E_22_35,E_22_36
E_22_35,E_22_37
E_22_35,E_23_35
E_22_35,E_24_35
E_22_36,E_22_37
E_22_36,E_22_38
E_22_36,E_23_36
E_22_36,E_24_36
E_22_37,E_22_38
E_22_37,E_22_39
E_22_37,E_23_37
E_22_37,E_24_37
E_22_38,E_22_39
E_22_38,E_22_40
E_22_38,E_23_38
E_22_38,E_24_38
E_22_39,E_22_40
E_22_39,E_22_41
E_22_39,E_23_39
E_22_39,E_24_39
E_22_40,E_22_41
E_22_40,E_22_42
E_22_40,E_23_40
E_22_40,E_24_40
E_22_41,E_22_42
E_22_41,E_22_43
E_22_41,E_23_41
E_22_41,E_24_41
E_22_42,E_22_43
E_22_42,E_22_44
E_22_42,E_23_42
E_22_42,E_24_42
E_22_43,E_22_44
E_22_43,E_22_45
E_22_43,E_23_43
E_22_43,E_24_43
E_22_44,E_22_45
E_22_44,E_22_46
E_22_44,E_23_44
E_22_44,E_24_44
E_22_45,E_22_46
E_22_45,E_22_47
E_22_45,E_23_45
E_22_45,E_24_45
E_22_46,E_22_47
E_22_46,E_22_48
E_22_46,E_23_46
E_22_46,E_24_46
E_22_47,E_22_48
E_22_47,E_22_49
E_22_47,E_23_47
E_22_47,E_24_47
E_22_48,E_22_49
E_22_48,E_23_48
E_22_48,E_24_48
E_22_49,E_23_49
E_22_49,E_24_49
E_23_00,E_23_01
E_23_00,E_23_02
E_23_00,E_24_00
E_23_00,E_25_00
E_23_01,E_23_02
E_23_01,E_23_03
E_23_01,E_24_01
E_23_01,E_25_01
E_23_02,E_23_03
E_23_02,E_23_04
E_23_02,E_24_02
E_23_02,E_25_02
E_23_03,E_23_04
E_23_03,E_23_05
E_23_03,E_24_03
E_23_03,E_25_03
E_23_04,E_23_05
E_23_04,E_23_06
E_23_04,E_24_04
E_23_04,E_25_04
E_23_05,E_23_06
E_23_05,E_23_07
E_23_05,E_24_05
E_23_05,E_25_05
E_23_06,E_23_07
E_23_06,E_23_08
E_23_06,E_24_06
E_23_06,E_25_06
E_23_07,E_23_08
E_23_07,E_23_09
E_23_07,E_24_07
E_23_07,E_25_07
E_23_08,E_23_09
E_23_08,E_23_10
E_23_08,E_24_08
E_23_08,E_25_08
E_23_09,E_23_10
E_23_09,E_23_11
E_23_09,E_24_09
E_23_09,E_25_09
E_23_10,E_23_11
E_23_10,E_23_12
E_23_10,E_24_10
E_23_10,E_25_10
E_23_11,E_23_12
E_23_11,E_23_13
E_23_11,E_24_11
E_23_11,E_25_11
E_23_12,E_23_13
E_23_12,E_23_14
E_23_12,E_24_12
E_23_12,E_25_12
E_23_13,E_23_14
E_23_13,E_23_15
E_23_13,E_24_13
E_23_13,E_25_13
E_23_14,E_23_15
E_23_14,E_23_16
E_23_14,E_24_14
E_23_14,E_25_14
E_23_15,E_23_16
E_23_15,E_23_17
E_23_15,E_24_15
E_23_15,E_25_15
E_23_16,E_23_17
E_23_16,E_23_18
E_23_16,E_24_16
E_23_16,E_25_16
E_23_17,E_23_18
E_23_17,E_23_19
E_23_17,E_24_17
E_23_17,E_25_17
E_23_18,E_23_19
E_23_18,E_23_20
E_23_18,E_24_18
E_23_18,E_25_18
E_23_19,E_23_20
E_23_19,E_23_21
E_23_19,E_24_19
E_23_19,E_25_19
E_23_20,E_23_21
E_23_20,E_23_22
E_23_20,E_24_20
E_23_20,E_25_20
E_23_21,E_23_22
E_23_21,E_23_23
E_23_21,E_24_21
E_23_21,E_25_21
E_23_22,E_23_23
E_23_22,E_23_24
E_23_22,E_24_22
E_23_22,E_25_22
E_23_23,E_23_24
E_23_23,E_23_25
E_23_23,E_24_23
E_23_23,E_25_23
E_23_24,E_23_25
E_23_24,E_23_26
E_23_24,E_24_24
E_23_24,E_25_24
E_23_25,E_23_26
E_23_25,E_23_27
E_23_25,E_24_25
E_23_25,E_25_25
E_23_26,E_23_27
E_23_26,E_23_28
E_23_26,E_24_26
E_23_26,E_25_26
E_23_27,E_23_28
E_23_27,E_23_29
E_23_27,E_24_27
E_23_27,E_25_27
E_23_28,E_23_29
E_23_28,E_23_30
E_23_28,E_24_28
E_23_28,E_25_28
E_23_29,E_23_30
E_23_29,E_23_31
E_23_29,E_24_29
E_23_29,E_25_29
E_23_30,E_23_31
E_23_30,E_23_32
E_23_30,E_24_30
E_23_30,E_25_30
E_23_31,E_23_32
E_23_31,E_23_33
E_23_31,E_24_31
E_23_31,E_25_31
E_23_32,E_23_33
E_23_32,E_23_34
E_23_32,E_24_32
E_23_32,E_25_32
E_23_33,E_23_34
E_23_33,E_23_35
E_23_33,E_24_33
E_23_33,E_25_33
E_23_34,E_23_35
E_23_34,E_23_36
E_23_34,E_24_34
E_23_34,E_25_34
E_23_35,E_23_36
E_23_35,E_23_37
E_23_35,E_24_35
E_23_35,E_25_35
E_23_36,E_23_37
E_23_36,E_23_38
E_23_36,E_24_36
E_23_36,E_25_36
E_23_37,E_23_38
E_23_37,E_23_39
E_23_37,E_24_37
E_23_37,E_25_37
E_23_38,E_23_39
E_23_38,E_23_40
E_23_38,E_24_38
E_23_38,E_25_38
E_23_39,E_23_40
E_23_39,E_23_41
E_23_39,E_24_39
E_23_39,E_25_39
E_23_40,E_23_41
E_23_40,E_23_42
E_23_40,E_24_40
E_23_40,E_25_40
E_23_41,E_23_42
E_23_41,E_23_43
E_23_41,E_24_41
E_23_41,E_25_41
E_23_42,E_23_43
E_23_42,E_23_44
E_23_42,E_24_42
E_23_42,E_25_42
E_23_43,E_23_44
E_23_43,E_23_45
E_23_43,E_24_43
E_23_43,E_25_43
E_23_44,E_23_45
E_23_44,E_23_46
E_23_44,E_24_44
E_23_44,E_25_44
E_23_45,E_23_46
E_23_45,E_23_47
E_23_45,E_24_45
E_23_45,E_25_45
E_23_46,E_23_47
E_23_46,E_23_48
E_23_46,E_24_46
E_23_46,E_25_46
E_23_47,E_23_48
E_23_47,E_23_49
E_23_47,E_24_47
E_23_47,E_25_47
E_23_48,E_23_49
E_23_48,E_24_48
E_23_48,E_25_48
E_23_49,E_24_49
E_23_49,E_25_49
E_24_00,E_24_01
E_24_00,E_24_02
E_24_00,E_25_00
E_24_00,E_25_01
E_24_00,E_26_00
E_24_01,E_24_02
E_24_01,E_24_03
E_24_01,E_25_01
E_24_01,E_26_01
E_24_02,E_24_03
E_24_02,E_24_04
E_24_02,E_25_02
E_24_02,E_26_02
E_24_03,E_24_04
E_24_03,E_24_05
E_24_03,E_25_03
E_24_03,E_25_04
E_24_03,E_26_03
E_24_04,E_24_05
E_24_04,E_24_06
E_24_04,E_25_04
E_24_04,E_26_04
E_24_05,E_24_06
E_24_05,E_24_07
E_24_05,E_25_05
E_24_05,E_26_05
E_24_06,E_24_07
E_24_06,E_24_08
E_24_06,E_25_06
E_24_06,E_25_07
E_24_06,E_26_06
E_24_07,E_24_08
E_24_07,E_24_09
E_24_07,E_25_07
E_24_07,E_26_07
E_24_08,E_24_09
E_24_08,E_24_10
E_24_08,E_25_08
E_24_08,E_26_08
E_24_09,E_24_10
E_24_09,E_24_11
E_24_09,E_25_09
E_24_09,E_25_10
E_24_09,E_26_09
E_24_10,E_24_11
E_24_10,E_24_12
E_24_10,E_25_10
E_24_10,E_26_10
E_24_11,E_24_12
E_24_11,E_24_13
E_24_11,E_25_11
E_24_11,E_26_11
E_24_12,E_24_13
E_24_12,E_24_14
E_24_12,E_25_12
E_24_12,E_25_13
E_24_12,E_26_12
E_24_13,E_24_14
E_24_13,E_24_15
E_24_13,E_25_13
E_24_13,E_26_13
E_24_14,E_24_15
E_24_14,E_24_16
E_24_14,E_25_14
E_24_14,E_26_14
E_24_15,E_24_16
E_24_15,E_24_17
E_24_15,E_25_15
E_24_15,E_25_16
E_24_15,E_26_15
E_24_16,E_24_17
E_24_16,E_24_18
E_24_16,E_25_16
E_24_16,E_26_16
E_24_17,E_24_18
E_24_17,E_24_19
E_24_17,E_25_17
E_24_17,E_26_17
E_24_18,E_24_19
E_24_18,E_24_20
E_24_18,E_25_18
E_24_18,E_25_19
E_24_18,E_26_18
E_24_19,E_24_20
E_24_19,E_24_21
E_24_19,E_25_19
E_24_19,E_26_19
E_24_20,E_24_21
E_24_20,E_24_22
E_24_20,E_25_20
E_24_20,E_26_20
E_24_21,E_24_22
E_24_21,E_24_23
E_24_21,E_25_21
E_24_21,E_25_22
E_24_21,E_26_21
E_24_22,E_24_23
E_24_22,E_24_24
E_24_22,E_25_22
E_24_22,E_26_22
E_24_23,E_24_24
E_24_23,E_24_25
E_24_23,E_25_23
E_24_23,E_26_23
E_24_24,E_24_25
E_24_24,E_24_26
E_24_24,E_25_24
E_24_24,E_25_25
E_24_24,E_26_24
E_24_25,E_24_26
E_24_25,E_24_27
E_24_25,E_25_25
E_24_25,E_26_25
E_24_26,E_24_27
E_24_26,E_24_28
E_24_26,E_25_26
E_24_26,E_26_26
E_24_27,E_24_28
E_24_27,E_24_29
E_24_27,E_25_27
E_24_27,E_25_28
E_24_27,E_26_27
E_24_28,E_24_29
E_24_28,E_24_30
E_24_28,E_25_28
E_24_28,E_26_28
E_24_29,E_24_30
E_24_29,E_24_31
E_24_29,E_25_29
E_24_29,E_26_29
E_24_30,E_24_31
E_24_30,E_24_32
E_24_30,E_25_30
E_24_30,E_25_31
E_24_30,E_26_30
E_24_31,E_24_32
E_24_31,E_24_33
E_24_31,E_25_31
E_24_31,E_26_31
E_24_32,E_24_33
E_24_32,E_24_34
E_24_32,E_25_32
E_24_32,E_26_32
E_24_33,E_24_34
E_24_33,E_24_35
E_24_33,E_25_33
E_24_33,E_25_34
E_24_33,E_26_33
E_24_34,E_24_35
E_24_34,E_24_36
E_24_34,E_25_34
E_24_34,E_26_34
E_24_35,E_24_36
E_24_35,E_24_37
E_24_35,E_25_35
E_24_35,E_26_35
E_24_36,E_24_37
E_24_36,E_24_38
E_24_36,E_25_36
E_24_36,E_25_37
E_24_36,E_26_36
E_24_37,E_24_38
E_24_37,E_24_39
E_24_37,E_25_37
E_24_37,E_26_37
E_24_38,E_24_39
E_24_38,E_24_40
E_24_38,E_25_38
E_24_38,E_26_38
E_24_39,E_24_40
E_24_39,E_24_41
E_24_39,E_25_39
E_24_39,E_25_40
E_24_39,E_26_39
E_24_40,E_24_41
E_24_40,E_24_42
E_24_40,E_25_40
E_24_40,E_26_40
E_24_41,E_24_42
E_24_41,E_24_43
E_24_41,E_25_41
E_24_41,E_26_41
E_24_42,E_24_43
E_24_42,E_24_44
E_24_42,E_25_42
E_24_42,E_25_43
E_24_42,E_26_42
E_24_43,E_24_44
E_24_43,E_24_45
E_24_43,E_25_43
E_24_43,E_26_43
E_24_44,E_24_45
E_24_44,E_24_46
E_24_44,E_25_44
E_24_44,E_26_44
E_24_45,E_24_46
E_24_45,E_24_47
E_24_45,E_25_45
E_24_45,E_25_46
E_24_45,E_26_45
E_24_46,E_24_47
E_24_46,E_24_48
E_24_46,E_25_46
E_24_46,E_26_46
E_24_47,E_24_48
E_24_47,E_24_49
E_24_47,E_25_47
E_24_47,E_26_47
E_24_48,E_24_49
E_24_48,E_25_48
E_24_48,E_25_49
E_24_48,E_26_48
E_24_49,E_25_49
E_24_49,E_26_49
E_25_00,E_25_01
E_25_00,E_25_02
E_25_00,E_26_00
E_25_00,E_27_00
E_25_01,E_25_02
E_25_01,E_25_03
E_25_01,E_26_01
E_25_01,E_27_01
E_25_02,E_25_03
E_25_02,E_25_04
E_25_02,E_26_02
E_25_02,E_27_02
E_25_03,E_25_04
E_25_03,E_25_05
E_25_03,E_26_03
E_25_03,E_27_03
E_25_04,E_25_05
E_25_04,E_25_06
E_25_04,E_26_04
E_25_04,E_27_04
E_25_05,E_25_06
E_25_05,E_25_07
E_25_05,E_26_05
E_25_05,E_27_05
E_25_06,E_25_07
E_25_06,E_25_08
E_25_06,E_26_06
E_25_06,E_27_06
E_25_07,E_25_08
E_25_07,E_25_09
E_25_07,E_26_07
E_25_07,E_27_07
E_25_08,E_25_09
E_25_08,E_25_10
E_25_08,E_26_08
E_25_08,E_27_08
E_25_09,E_25_10
E_25_09,E_25_11
E_25_09,E_26_09
E_25_09,E_27_09
E_25_10,E_25_11
E_25_10,E_25_12
E_25_10,E_26_10
E_25_10,E_27_10
E_25_11,E_25_12
E_25_11,E_25_13
E_25_11,E_26_11
E_25_11,E_27_11
E_25_12,E_25_13
E_25_12,E_25_14
E_25_12,E_26_12
E_25_12,E_27_12
E_25_13,E_25_14
E_25_13,E_25_15
E_25_13,E_26_13
E_25_13,E_27_13
E_25_14,E_25_15
E_25_14,E_25_16
E_25_14,E_26_14
E_25_14,E_27_14
E_25_15,E_25_16
E_25_15,E_25_17
E_25_15,E_26_15
E_25_15,E_27_15
E_25_16,E_25_17
E_25_16,E_25_18
E_25_16,E_26_16
E_25_16,E_27_16
E_25_17,E_25_18
E_25_17,E_25_19
E_25_17,E_26_17
E_25_17,E_27_17
E_25_18,E_25_19
E_25_18,E_25_20
E_25_18,E_26_18
E_25_18,E_27_18
E_25_19,E_25_20
E_25_19,E_25_21
E_25_19,E_26_19
E_25_19,E_27_19
E_25_20,E_25_21
E_25_20,E_25_22
E_25_20,E_26_20
E_25_20,E_27_20
E_25_21,E_25_22
E_25_21,E_25_23
E_25_21,E_26_21
E_25_21,E_27_21
E_25_22,E_25_23
E_25_22,E_25_24
E_25_22,E_26_22
E_25_22,E_27_22
E_25_23,E_25_24
E_25_23,E_25_25
E_25_23,E_26_23
E_25_23,E_27_23
E_25_24,E_25_25
E_25_24,E_25_26
E_25_24,E_26_24
E_25_24,E_27_24
E_25_25,E_25_26
E_25_25,E_25_27
E_25_25,E_26_25
E_25_25,E_27_25
E_25_26,E_25_27
E_25_26,E_25_28
E_25_26,E_26_26
E_25_26,E_27_26
E_25_27,E_25_28
E_25_27,E_25_29
E_25_27,E_26_27
E_25_27,E_27_27
E_25_28,E_25_29
E_25_28,E_25_30
E_25_28,E_26_28
E_25_28,E_27_28
E_25_29,E_25_30
E_25_29,E_25_31
E_25_29,E_26_29
E_25_29,E_27_29
E_25_30,E_25_31
E_25_30,E_25_32
E_25_30,E_26_30
E_25_30,E_27_30
E_25_31,E_25_32
E_25_31,E_25_33
E_25_31,E_26_31
E_25_31,E_27_31
E_25_32,E_25_33
E_25_32,E_25_34
E_25_32,E_26_32
E_25_32,E_27_32
E_25_33,E_25_34
E_25_33,E_25_35
E_25_33,E_26_33
E_25_33,E_27_33
E_25_34,E_25_35
E_25_34,E_25_36
E_25_34,E_26_34
E_25_34,E_27_34
E_25_35,E_25_36
E_25_35,E_25_37
E_25_35,E_26_35
E_25_35,E_27_35
E_25_36,E_25_37
E_25_36,E_25_38
E_25_36,E_26_36
E_25_36,E_27_36
E_25_37,E_25_38
E_25_37,E_25_39
E_25_37,E_26_37
E_25_37,E_27_37
E_25_38,E_25_39
E_25_38,E_25_40
E_25_38,E_26_38
E_25_38,E_27_38
E_25_39,E_25_40
E_25_39,E_25_41
E_25_39,E_26_39
E_25_39,E_27_39
E_25_40,E_25_41
E_25_40,E_25_42
E_25_40,E_26_40
E_25_40,E_27_40
E_25_41,E_25_42
E_25_41,E_25_43
E_25_41,E_26_41
E_25_41,E_27_41
E_25_42,E_25_43
E_25_42,E_25_44
E_25_42,E_26_42
E_25_42,E_27_42
E_25_43,E_25_44
E_25_43,E_25_45
E_25_43,E_26_43
E_25_43,E_27_43
E_25_44,E_25_45
E_25_44,E_25_46
E_25_44,E_26_44
E_25_44,E_27_44
E_25_45,E_25_46
E_25_45,E_25_47
E_25_45,E_26_45
E_25_45,E_27_45
E_25_46,E_25_47
E_25_46,E_25_48
E_25_46,E_26_46
E_25_46,E_27_46
E_25_47,E_25_48
E_25_47,E_25_49
E_25_47,E_26_47
E_25_47,E_27_47
E_25_48,E_25_49
E_25_48,E_26_48
E_25_48,E_27_48
E_25_49,E_26_49
E_25_49,E_27_49
E_26_00,E_26_01
E_26_00,E_26_02
E_26_00,E_27_00
E_26_00,E_28_00
E_26_01,E_26_02
E_26_01,E_26_03
E_26_01,E_27_01
E_26_01,E_28_01
E_26_02,E_26_03
E_26_02,E_26_04
E_26_02,E_27_02
E_26_02,E_28_02
E_26_03,E_26_04
E_26_03,E_26_05
E_26_03,E_27_03
E_26_03,E_28_03
E_26_04,E_26_05
E_26_04,E_26_06
E_26_04,E_27_04
E_26_04,E_28_04
E_26_05,E_26_06
E_26_05,E_26_07
E_26_05,E_27_05
E_26_05,E_28_05
E_26_06,E_26_07
E_26_06,E_26_08
E_26_06,E_27_06
E_26_06,E_28_06
E_26_07,E_26_08
E_26_07,E_26_09
E_26_07,E_27_07
E_26_07,E_28_07
E_26_08,E_26_09
E_26_08,E_26_10
E_26_08,E_27_08
E_26_08,E_28_08
E_26_09,E_26_10
E_26_09,E_26_11
E_26_09,E_27_09
E_26_09,E_28_09
E_26_10,E_26_11
E_26_10,E_26_12
E_26_10,E_27_10
E_26_10,E_28_10
E_26_11,E_26_12
E_26_11,E_26_13
E_26_11,E_27_11
E_26_11,E_28_11
E_26_12,E_26_13
E_26_12,E_26_14
E_26_12,E_27_12
E_26_12,E_28_12
E_26_13,E_26_14
E_26_13,E_26_15
E_26_13,E_27_13
E_26_13,E_28_13
E_26_14,E_26_15
E_26_14,E_26_16
E_26_14,E_27_14
E_26_14,E_28_14
E_26_15,E_26_16
E_26_15,E_26_17
E_26_15,E_27_15
E_26_15,E_28_15
E_26_16,E_26_17
E_26_16,E_26_18
E_26_16,E_27_16
E_26_16,E_28_16
E_26_17,E_26_18
E_26_17,E_26_19
E_26_17,E_27_17
E_26_17,E_28_17
E_26_18,E_26_19
E_26_18,E_26_20
E_26_18,E_27_18
E_26_18,E_28_18
E_26_19,E_26_20
E_26_19,E_26_21
E_26_19,E_27_19
E_26_19,E_28_19
E_26_20,E_26_21
E_26_20,E_26_22
E_26_20,E_27_20
E_26_20,E_28_20
E_26_21,E_26_22
E_26_21,E_26_23
E_26_21,E_27_21
E_26_21,E_28_21
E_26_22,E_26_23
E_26_22,E_26_24
E_26_22,E_27_22
E_26_22,E_28_22
E_26_23,E_26_24
E_26_23,E_26_25
E_26_23,E_27_23
E_26_23,E_28_23
E_26_24,E_26_25
E_26_24,E_26_26
E_26_24,E_27_24
E_26_24,E_28_24
E_26_25,E_26_26
E_26_25,E_26_27
E_26_25,E_27_25
E_26_25,E_28_25
E_26_26,E_26_27
E_26_26,E_26_28
E_26_26,E_27_26
E_26_26,E_28_26
E_26_27,E_26_28
E_26_27,E_26_29
E_26_27,E_27_27
E_26_27,E_28_27
E_26_28,E_26_29
E_26_28,E_26_30
E_26_28,E_27_28
E_26_28,E_28_28
E_26_29,E_26_30
E_26_29,E_26_31
E_26_29,E_27_29
E_26_29,E_28_29
E_26_30,E_26_31
E_26_30,E_26_32
E_26_30,E_27_30
E_26_30,E_28_30
E_26_31,E_26_32
E_26_31,E_26_33
E_26_31,E_27_31
E_26_31,E_28_31
E_26_32,E_26_33
E_26_32,E_26_34
E_26_32,E_27_32
E_26_32,E_28_32
E_26_33,E_26_34
E_26_33,E_26_35
E_26_33,E_27_33
E_26_33,E_28_33
E_26_34,E_26_35
E_26_34,E_26_36
E_26_34,E_27_34
E_26_34,E_28_34
E_26_35,E_26_36
E_26_35,E_26_37
E_26_35,E_27_35
E_26_35,E_28_35
E_26_36,E_26_37
E_26_36,E_26_38
E_26_36,E_27_36
E_26_36,E_28_36
E_26_37,E_26_38
E_26_37,E_26_39
E_26_37,E_27_37
E_26_37,E_28_37
E_26_38,E_26_39
E_26_38,E_26_40
E_26_38,E_27_38
E_26_38,E_28_38
E_26_39,E_26_40
E_26_39,E_26_41
E_26_39,E_27_39
E_26_39,E_28_39
E_26_40,E_26_41
E_26_40,E_26_42
E_26_40,E_27_40
E_26_40,E_28_40
E_26_41,E_26_42
E_26_41,E_26_43
E_26_41,E_27_41
E_26_41,E_28_41
E_26_42,E_26_43
E_26_42,E_26_44
E_26_42,E_27_42
E_26_42,E_28_42
E_26_43,E_26_44
E_26_43,E_26_45
E_26_43,E_27_43
E_26_43,E_28_43
E_26_44,E_26_45
E_26_44,E_26_46
E_26_44,E_27_44
E_26_44,E_28_44
E_26_45,E_26_46
E_26_45,E_26_47
E_26_45,E_27_45
E_26_45,E_28_45
E_26_46,E_26_47
E_26_46,E_26_48
E_26_46,E_27_46
E_26_46,E_28_46
E_26_47,E_26_48
E_26_47,E_26_49
E_26_47,E_27_47
E_26_47,E_28_47
E_26_48,E_26_49
E_26_48,E_27_48
E_26_48,E_28_48
E_26_49,E_27_49
E_26_49,E_28_49
E_27_00,E_27_01
E_27_00,E_27_02
E_27_00,E_28_00
E_27_00,E_28_01
E_27_00,E_29_00
E_27_01,E_27_02
E_27_01,E_27_03
E_27_01,E_28_01
E_27_01,E_29_01
E_27_02,E_27_03
E_27_02,E_27_04
E_27_02,E_28_02
E_27_02,E_29_02
E_27_03,E_27_04
E_27_03,E_27_05
E_27_03,E_28_03
E_27_03,E_28_04
E_27_03,E_29_03
E_27_04,E_27_05
E_27_04,E_27_06
E_27_04,E_28_04
E_27_04,E_29_04
E_27_05,E_27_06
E_27_05,E_27_07
E_27_05,E_28_05
E_27_05,E_29_05
E_27_06,E_27_07
E_27_06,E_27_08
E_27_06,E_28_06
E_27_06,E_28_07
E_27_06,E_29_06
E_27_07,E_27_08
E_27_07,E_27_09
E_27_07,E_28_07
E_27_07,E_29_07
E_27_08,E_27_09
E_27_08,E_27_10
E_27_08,E_28_08
E_27_08,E_29_08
E_27_09,E_27_10
E_27_09,E_27_11
E_27_09,E_28_09
E_27_09,E_28_10
E_27_09,E_29_09
E_27_10,E_27_11
E_27_10,E_27_12
E_27_10,E_28_10
E_27_10,E_29_10
E_27_11,E_27_12
E_27_11,E_27_13
E_27_11,E_28_11
E_27_11,E_29_11
E_27_12,E_27_13
E_27_12,E_27_14
E_27_12,E_28_12
E_27_12,E_28_13
E_27_12,E_29_12
E_27_13,E_27_14
E_27_13,E_27_15
E_27_13,E_28_13
E_27_13,E_29_13
E_27_14,E_27_15
E_27_14,E_27_16
E_27_14,E_28_14
E_27_14,E_29_14
E_27_15,E_27_16
E_27_15,E_27_17
E_27_15,E_28_15
E_27_15,E_28_16
E_27_15,E_29_15
E_27_16,E_27_17
E_27_16,E_27_18
E_27_16,E_28_16
E_27_16,E_29_16
E_27_17,E_27_18
E_27_17,E_27_19
E_27_17,E_28_17
E_27_17,E_29_17
E_27_18,E_27_19
E_27_18,E_27_20
E_27_18,E_28_18
E_27_18,E_28_19
E_27_18,E_29_18
E_27_19,E_27_20
E_27_19,E_27_21
E_27_19,E_28_19
E_27_19,E_29_19
E_27_20,E_27_21
E_27_20,E_27_22
E_27_20,E_28_20
E_27_20,E_29_20
E_27_21,E_27_22
E_27_21,E_27_23
E_27_21,E_28_21
E_27_21,E_28_22
E_27_21,E_29_21
E_27_22,E_27_23
E_27_22,E_27_24
E_27_22,E_28_22
E_27_22,E_29_22
E_27_23,E_27_24
E_27_23,E_27_25
E_27_23,E_28_23
E_27_23,E_29_23
E_27_24,E_27_25
E_27_24,E_27_26
E_27_24,E_28_24
E_27_24,E_28_25
E_27_24,E_29_24
E_27_25,E_27_26
E_27_25,E_27_27
E_27_25,E_28_25
E_27_25,E_29_25
E_27_26,E_27_27
E_27_26,E_27_28
E_27_26,E_28_26
E_27_26,E_29_26
E_27_27,E_27_28
E_27_27,E_27_29
E_27_27,E_28_27
E_27_27,E_28_28
E_27_27,E_29_27
E_27_28,E_27_29
E_27_28,E_27_30
E_27_28,E_28_28
E_27_28,E_29_28
E_27_29,E_27_30
E_27_29,E_27_31
E_27_29,E_28_29
E_27_29,E_29_29
E_27_30,E_27_31
E_27_30,E_27_32
E_27_30,E_28_30
E_27_30,E_28_31
E_27_30,E_29_30
E_27_31,E_27_32
E_27_31,E_27_33
E_27_31,E_28_31
E_27_31,E_29_31
E_27_32,E_27_33
E_27_32,E_27_34
E_27_32,E_28_32
E_27_32,E_29_32
E_27_33,E_27_34
E_27_33,E_27_35
E_27_33,E_28_33
E_27_33,E_28_34
E_27_33,E_29_33
E_27_34,E_27_35
E_27_34,E_27_36
E_27_34,E_28_34
E_27_34,E_29_34
E_27_35,E_27_36
E_27_35,E_27_37
E_27_35,E_28_35
E_27_35,E_29_35
E_27_36,E_27_37
E_27_36,E_27_38
E_27_36,E_28_36
E_27_36,E_28_37
E_27_36,E_29_36
E_27_37,E_27_38
E_27_37,E_27_39
E_27_37,E_28_37
E_27_37,E_29_37
E_27_38,E_27_39
E_27_38,E_27_40
E_27_38,E_28_38
E_27_38,E_29_38
E_27_39,E_27_40
E_27_39,E_27_41
E_27_39,E_28_39
E_27_39,E_28_40
E_27_39,E_29_39
E_27_40,E_27_41
E_27_40,E_27_42
E_27_40,E_28_40
E_27_40,E_29_40
E_27_41,E_27_42
E_27_41,E_27_43
E_27_41,E_28_41
E_27_41,E_29_41
E_27_42,E_27_43
E_27_42,E_27_44
E_27_42,E_28_42
E_27_42,E_28_43
E_27_42,E_29_42
E_27_43,E_27_44
E_27_43,E_27_45
E_27_43,E_28_43
E_27_43,E_29_43
E_27_44,E_27_45
E_27_44,E_27_46
E_27_44,E_28_44
E_27_44,E_29_44
E_27_45,E_27_46
E_27_45,E_27_47
E_27_45,E_28_45
E_27_45,E_28_46
E_27_45,E_29_45
E_27_46,E_27_47
E_27_46,E_27_48
E_27_46,E_28_46
E_27_46,E_29_46
E_27_47,E_27_48
E_27_47,E_27_49
E_27_47,E_28_47
E_27_47,E_29_47
E_27_48,E_27_49
E_27_48,E_28_48
E_27_48,E_28_49
E_27_48,E_29_48
E_27_49,E_28_49
E_27_49,E_29_49
E_28_00,E_28_01
E_28_00,E_28_02
E_28_00,E_29_00
E_28_00,E_30_00
E_28_01,E_28_02
E_28_01,E_28_03
E_28_01,E_29_01
E_28_01,E_30_01
E_28_02,E_28_03
E_28_02,E_28_04
E_28_02,E_29_02
E_28_02,E_30_02
E_28_03,E_28_04
E_28_03,E_28_05
E_28_03,E_29_03
E_28_03,E_30_03
E_28_04,E_28_05
E_28_04,E_28_06
E_28_04,E_29_04
E_28_04,E_30_04
E_28_05,E_28_06
E_28_05,E_28_07
E_28_05,E_29_05
E_28_05,E_30_05
E_28_06,E_28_07
E_28_06,E_28_08
E_28_06,E_29_06
E_28_06,E_30_06
E_28_07,E_28_08
E_28_07,E_28_09
E_28_07,E_29_07
E_28_07,E_30_07
E_28_08,E_28_09
E_28_08,E_28_10
E_28_08,E_29_08
E_28_08,E_30_08
E_28_09,E_28_10
E_28_09,E_28_11
E_28_09,E_29_09
E_28_09,E_30_09
E_28_10,E_28_11
E_28_10,E_28_12
E_28_10,E_29_10
E_28_10,E_30_10
E_28_11,E_28_12
E_28_11,E_28_13
E_28_11,E_29_11
E_28_11,E_30_11
E_28_12,E_28_13
E_28_12,E_28_14
E_28_12,E_29_12
E_28_12,E_30_12
E_28_13,E_28_14
E_28_13,E_28_15
E_28_13,E_29_13
E_28_13,E_30_13
E_28_14,E_28_15
E_28_14,E_28_16
E_28_14,E_29_14
E_28_14,E_30_14
E_28_15,E_28_16
E_28_15,E_28_17
E_28_15,E_29_15
E_28_15,E_30_15
E_28_16,E_28_17
E_28_16,E_28_18
E_28_16,E_29_16
E_28_16,E_30_16
E_28_17,E_28_18
E_28_17,E_28_19
E_28_17,E_29_17
E_28_17,E_30_17
E_28_18,E_28_19
E_28_18,E_28_20
E_28_18,E_29_18
E_28_18,E_30_18
E_28_19,E_28_20
E_28_19,E_28_21
E_28_19,E_29_19
E_28_19,E_30_19
E_28_20,E_28_21
E_28_20,E_28_22
E_28_20,E_29_20
E_28_20,E_30_20
E_28_21,E_28_22
E_28_21,E_28_23
E_28_21,E_29_21
E_28_21,E_30_21
E_28_22,E_28_23
E_28_22,E_28_24
E_28_22,E_29_22
E_28_22,E_30_22
E_28_23,E_28_24
E_28_23,E_28_25
E_28_23,E_29_23
E_28_23,E_30_23
E_28_24,E_28_25
E_28_24,E_28_26
E_28_24,E_29_24
E_28_24,E_30_24
E_28_25,E_28_26
E_28_25,E_28_27
E_28_25,E_29_25
E_28_25,E_30_25
E_28_26,E_28_27
E_28_26,E_28_28
E_28_26,E_29_26
E_28_26,E_30_26
E_28_27,E_28_28
E_28_27,E_28_29
E_28_27,E_29_27
E_28_27,E_30_27
E_28_28,E_28_29
E_28_28,E_28_30
E_28_28,E_29_28
E_28_28,E_30_28
E_28_29,E_28_30
E_28_29,E_28_31
E_28_29,E_29_29
E_28_29,E_30_29
E_28_30,E_28_31
E_28_30,E_28_32
E_28_30,E_29_30
E_28_30,E_30_30
E_28_31,E_28_32
E_28_31,E_28_33
E_28_31,E_29_31
E_28_31,E_30_31
E_28_32,E_28_33
E_28_32,E_28_34
E_28_32,E_29_32
E_28_32,E_30_32
E_28_33,E_28_34
E_28_33,E_28_35
E_28_33,E_29_33
E_28_33,E_30_33
E_28_34,E_28_35
E_28_34,E_28_36
E_28_34,E_29_34
E_28_34,E_30_34
E_28_35,E_28_36
E_28_35,E_28_37
E_28_35,E_29_35
E_28_35,E_30_35
E_28_36,E_28_37
E_28_36,E_28_38
E_28_36,E_29_36
E_28_36,E_30_36
E_28_37,E_28_38
E_28_37,E_28_39
E_28_37,E_29_37
E_28_37,E_30_37
E_28_38,E_28_39
E_28_38,E_28_40
E_28_38,E_29_38
E_28_38,E_30_38
E_28_39,E_28_40
E_28_39,E_28_41
E_28_39,E_29_39
E_28_39,E_30_39
E_28_40,E_28_41
E_28_40,E_28_42
E_28_40,E_29_40
E_28_40,E_30_40
E_28_41,E_28_42
E_28_41,E_28_43
E_28_41,E_29_41
E_28_41,E_30_41
E_28_42,E_28_43
E_28_42,E_28_44
E_28_42,E_29_42
E_28_42,E_30_42
E_28_43,E_28_44
E_28_43,E_28_45
E_28_43,E_29_43
E_28_43,E_30_43
E_28_44,E_28_45
E_28_44,E_28_46
E_28_44,E_29_44
E_28_44,E_30_44
E_28_45,E_28_46
E_28_45,E_28_47
E_28_45,E_29_45
E_28_45,E_30_45
E_28_46,E_28_47
E_28_46,E_28_48
E_28_46,E_29_46
E_28_46,E_30_46
E_28_47,E_28_48
E_28_47,E_28_49
E_28_47,E_29_47
E_28_47,E_30_47
E_28_48,E_28_49
E_28_48,E_29_48
E_28_48,E_30_48
E_28_49,E_29_49
E_28_49,E_30_49
E_29_00,E_29_01
E_29_00,E_29_02
E_29_00,E_30_00
E_29_01,E_29_02
E_29_01,E_29_03
E_29_01,E_30_01
E_29_02,E_29_03
E_29_02,E_29_04
E_29_02,E_30_02
E_29_03,E_29_04
E_29_03,E_29_05
E_29_03,E_30_03
E_29_04,E_29_05
E_29_04,E_29_06
E_29_04,E_30_04
E_29_05,E_29_06
E_29_05,E_29_07
E_29_05,E_30_05
E_29_06,E_29_07
E_29_06,E_29_08
E_29_06,E_30_06
E_29_07,E_29_08
E_29_07,E_29_09
E_29_07,E_30_07
E_29_08,E_29_09
E_29_08,E_29_10
E_29_08,E_30_08
E_29_09,E_29_10
E_29_09,E_29_11
E_29_09,E_30_09
E_29_10,E_29_11
E_29_10,E_29_12
E_29_10,E_30_10
E_29_11,E_29_12
E_29_11,E_29_13
E_29_11,E_30_11
E_29_12,E_29_13
E_29_12,E_29_14
E_29_12,E_30_12
E_29_13,E_29_14
E_29_13,E_29_15
E_29_13,E_30_13
E_29_14,E_29_15
E_29_14,E_29_16
E_29_14,E_30_14
E_29_15,E_29_16
E_29_15,E_29_17
E_29_15,E_30_15
E_29_16,E_29_17
E_29_16,E_29_18
E_29_16,E_30_16
E_29_17,E_29_18
E_29_17,E_29_19
E_29_17,E_30_17
E_29_18,E_29_19
E_29_18,E_29_20
E_29_18,E_30_18
E_29_19,E_29_20
E_29_19,E_29_21
E_29_19,E_30_19
E_29_20,E_29_21
E_29_20,E_29_22
E_29_20,E_30_20
E_29_21,E_29_22
E_29_21,E_29_23
E_29_21,E_30_21
E_29_22,E_29_23
E_29_22,E_29_24
E_29_22,E_30_22
E_29_23,E_29_24
E_29_23,E_29_25
E_29_23,E_30_23
E_29_24,E_29_25
E_29_24,E_29_26
E_29_24,E_30_24
E_29_25,E_29_26
E_29_25,E_29_27
E_29_25,E_30_25
E_29_26,E_29_27
E_29_26,E_29_28
E_29_26,E_30_26
E_29_27,E_29_28
E_29_27,E_29_29
E_29_27,E_30_27
E_29_28,E_29_29
E_29_28,E_29_30
E_29_28,E_30_28
E_29_29,E_29_30
E_29_29,E_29_31
E_29_29,E_30_29
E_29_30,E_29_31
E_29_30,E_29_32
E_29_30,E_30_30
E_29_31,E_29_32
E_29_31,E_29_33
E_29_31,E_30_31
E_29_32,E_29_33
E_29_32,E_29_34
E_29_32,E_30_32
E_29_33,E_29_34
E_29_33,E_29_35
E_29_33,E_30_33
E_29_34,E_29_35
E_29_34,E_29_36
E_29_34,E_30_34
E_29_35,E_29_36
E_29_35,E_29_37
E_29_35,E_30_35
E_29_36,E_29_37
E_29_36,E_29_38
E_29_36,E_30_36
E_29_37,E_29_38
E_29_37,E_29_39
E_29_37,E_30_37
E_29_38,E_29_39
E_29_38,E_29_40
E_29_38,E_30_38
E_29_39,E_29_40
E_29_39,E_29_41
E_29_39,E_30_39
E_29_40,E_29_41
E_29_40,E_29_42
E_29_40,E_30_40
E_29_41,E_29_42
E_29_41,E_29_43
E_29_41,E_30_41
E_29_42,E_29_43
E_29_42,E_29_44
E_29_42,E_30_42
E_29_43,E_29_44
E_29_43,E_29_45
E_29_43,E_30_43
E_29_44,E_29_45
E_29_44,E_29_46
E_29_44,E_30_44
E_29_45,E_29_46
E_29_45,E_29_47
E_29_45,E_30_45
E_29_46,E_29_47
E_29_46,E_29_48
E_29_46,E_30_46
E_29_47,E_29_48
E_29_47,E_29_49
E_29_47,E_30_47
E_29_48,E_29_49
E_29_48,E_30_48
E_29_49,E_30_49
E_30_00,E_30_01
E_30_00,E_30_02
E_30_01,E_30_02
E_30_01,E_30_03
E_30_02,E_30_03
E_30_02,E_30_04
E_30_03,E_30_04
E_30_03,E_30_05
E_30_04,E_30_05
E_30_04,E_30_06
E_30_05,E_30_06
E_30_05,E_30_07
E_30_06,E_30_07
E_30_06,E_30_08
E_30_07,E_30_08
E_30_07,E_30_09
E_30_08,E_30_09
E_30_08,E_30_10
E_30_09,E_30_10
E_30_09,E_30_11
E_30_10,E_30_11
E_30_10,E_30_12
E_30_11,E_30_12
E_30_11,E_30_13
E_30_12,E_30_13
E_30_12,E_30_14
E_30_13,E_30_14
E_30_13,E_30_15
E_30_14,E_30_15
E_30_14,E_30_16
E_30_15,E_30_16
E_30_15,E_30_17
E_30_16,E_30_17
E_30_16,E_30_18
E_30_17,E_30_18
E_30_17,E_30_19
E_30_18,E_30_19
E_30_18,E_30_20
E_30_19,E_30_20
E_30_19,E_30_21
E_30_20,E_30_21
E_30_20,E_30_22
E_30_21,E_30_22
E_30_21,E_30_23
E_30_22,E_30_23
E_30_22,E_30_24
E_30_23,E_30_24
E_30_23,E_30_25
E_30_24,E_30_25
E_30_24,E_30_26
E_30_25,E_30_26
E_30_25,E_30_27
E_30_26,E_30_27
E_30_26,E_30_28
E_30_27,E_30_28
E_30_27,E_30_29
E_30_28,E_30_29
E_30_28,E_30_30
E_30_29,E_30_30
E_30_29,E_30_31
E_30_30,E_30_31
E_30_30,E_30_32
E_30_31,E_30_32
E_30_31,E_30_33
E_30_32,E_30_33
E_30_32,E_30_34
E_30_33,E_30_34
E_30_33,E_30_35
E_30_34,E_30_35
E_30_34,E_30_36
E_30_35,E_30_36
E_30_35,E_30_37
E_30_36,E_30_37
E_30_36,E_30_38
E_30_37,E_30_38
E_30_37,E_30_39
E_30_38,E_30_39
E_30_38,E_30_40
E_30_39,E_30_40
E_30_39,E_30_41
E_30_40,E_30_41
E_30_40,E_30_42
E_30_41,E_30_42
E_30_41,E_30_43
E_30_42,E_30_43
E_30_42,E_30_44
E_30_43,E_30_44
E_30_43,E_30_45
E_30_44,E_30_45
E_30_44,E_30_46
E_30_45,E_30_46
E_30_45,E_30_47
E_30_46,E_30_47
E_30_46,E_30_48
E_30_47,E_30_48
E_30_47,E_30_49
E_30_48,E_30_49
